Artist,Genre,MBID
Two Door Cinema Club,"indie, pop, rock",6f1de078-6684-4792-820d-2ffad64c15ed
wave to earth,k-pop,89e95aa3-bd49-4af3-9c87-0d88b2093bb0
Danny Ocean,"hip hop, latin, other, pop",ddb0b09f-284f-45dd-b394-05f58b0eeb76
Yung Gravy,"hip hop, pop",20b034b2-35a1-40be-908f-22d1b5681572
Air,"edm, indie, other, pop",cb67438a-7f50-4f2b-a6f1-2bb2729fd538
PJ Harvey,"other, pop, rock",e795e03d-b5d5-4a5f-834d-162cfb308a2c
Lawrence,"other, pop",819a9744-627b-4bf5-92e9-f894b0f252e6
Alec Benjamin,pop,21a14ee3-cede-420a-9d6d-a33517d2f952
Nothing But Thieves,"pop, rock",7e2e4e3a-4e85-4d5a-b78e-5e4afd467a3e
Blxst,"pop, rap",41ca19c2-935f-4647-9ef5-26f81291a9aa
HONNE,pop,58b599cd-b1de-45e3-863a-3b54194a0f20
Thee Sacred Souls,"other, world",32b87bbc-2363-457a-97b4-3103a569f3a7
Phantogram,"indie, pop",dfe78af2-779e-4137-826a-3073a16e3278
FINNEAS,"indie, other, pop",151cd917-1ee2-4702-859f-90899ad897f8
James Blunt,"pop, rock",ebee61b4-bbdd-4087-9bcb-d5aa099088ec
Incubus,rock,e3e0abcd-7671-4482-a9d8-462f5acc9be5
Childish Gambino,"hip hop, other, rap",7fb57fba-a6ef-44c2-abab-2fa3bdee607e
Grupo Frontera,other,4c57c827-4ce3-4cf4-9492-0ff7f1ee2b0f
Nicki Minaj,"hip hop, pop, rap",1036b808-f58c-4a3e-b461-a2c4492ecf1b
Kacey Musgraves,"country, pop",d1393ecb-431b-4fde-a6ea-d769f2f040cb
Kygo,"edm, other, pop",ba0e7638-0cd6-4ff4-8987-c3e224d22c23
Weezer,"other, pop, rock",6fe07aa5-fec0-4eca-a456-f29bff451b04
Charli xcx,pop,260b6184-8828-48eb-945c-bc4cb6fc34ca
Maggie Rogers,"other, pop",dde26295-8cd4-474c-8740-3edb801b2776
Kehlani,"pop, r&b, rap",3260ce89-5eb0-4c6a-89c7-379c0dfc2ab9
Sabrina Carpenter,pop,1882fe91-cdd9-49c9-9956-8e06a3810bd4
keshi,"pop, r&b",ee74db56-c264-4c23-9504-29e2d8078f36
Cyndi Lauper,"other, pop, rock",7bd9e20e-74b9-446a-a2ed-a223f82a36e7
"Tyler, The Creator","hip hop, rap",f6beac20-5dfe-4d1f-ae02-0b0a740aafd6
Mary J. Blige,"hip hop, other, pop, r&b",db76c5ca-d555-4f09-b1db-baa1b713d875
Kylie Minogue,"other, pop",2fddb92d-24b2-46a5-bf28-3aed46f4684c
Dua Lipa,pop,6f1a58bf-9b1b-49cf-a44a-6cefad7ae04f
Pulp,"indie, other, pop, rock",76b2e842-5e85-4c97-ab62-d5bc315595b5
beabadoobee,"other, pop",88d17133-abbc-42db-9526-4e2c1db60336
A Boogie Wit da Hoodie,"hip hop, rap",c1708d03-8a66-46eb-848e-fe0d233ffb39
XG,"k-pop, pop",8dfe067c-ae90-472e-80f2-fcee9be4e158
Zedd,"edm, other, pop",56c4b861-0922-4c3a-a9b9-3bfcb00f8274
Don Toliver,"hip hop, rap",a0723a3c-4135-438e-85c5-012712144ede
Conan Gray,"other, pop",850a8b03-98a7-4fd3-afbd-5e5520b4ef5f
Subtronics,edm,f576b153-85ea-4538-b28d-51c9552b50dd
Alan Walker,edm,b0e4bc50-3062-4d31-afad-def6a6b7a8e9
Sofi Tukker,"edm, other, pop",4ac723f4-8be8-4a0d-a3ae-d5dda20f0a9a
Erykah Badu,"other, r&b",321531fc-db73-4ffa-a959-61a61a2908c1
AURORA,pop,484a4e90-6899-4e4b-a948-a2255d365340
Rainbow Kitten Surprise,"other, pop, rock",ab4e7869-86f5-455e-b52c-c89d7664c07b
Latto,"hip hop, pop",355cc194-b8db-4af2-8678-c7ad54213f4b
Excision,"edm, other",733c6e6f-0306-403e-9243-82b16a4f82d8
ZAYN,"pop, r&b",985f7e6f-0a7e-4de7-b9ec-a5dac63cb2f7
Nathaniel Rateliff & The Night Sweats,"indie, other, rock",52a4de43-92f5-4995-9a71-07d67dd35b7d
The Avett Brothers,"indie, other, rock",0a176d0a-ef46-4e7f-b018-9f4d65614668
Nick Cave & The Bad Seeds,"other, rock",172e1f1a-504d-4488-b053-6344ba63e6d0
Gracie Abrams,pop,f7441bc7-d7de-4813-a2fc-31a4033d396d
Vance Joy,"indie, k-pop, pop, rock",df36f6db-5987-46ed-9d02-0cf36ed4e060
Ray LaMontagne,"indie, other, pop, rock",b5c4ffa2-82e1-4b72-b7f3-c60afb74b860
Bleachers,"pop, rock",58e235fc-f6ea-4614-9ed4-9855a5665ae1
Mitski,"indie, pop, rock",fa58cf24-0e44-421d-8519-8bf461dcfaa5
Faye Webster,"indie, pop",ce4a1c08-6912-423f-bf6c-97ce69f5e89f
Lauv,pop,c0ef2ba5-a7b7-40ea-bd27-30acccfcac11
NIKI,r&b,da1ab09f-084c-4d86-a04c-e20c7b955228
Omar Apollo,"other, pop, r&b",0b966a38-5ad9-43c1-b86b-c07079523165
The National,"indie, pop, rock",664c3e0e-42d8-48c1-b209-1efca19c0325
Still Woozy,"indie, pop",bfa6929d-8375-488d-b027-8a0691c73643
Michael Kiwanuka,"other, r&b",11f570ff-44d9-4e9c-8812-e6d56103c5c1
Leon Bridges,"indie, other, pop, r&b",69d9dfd7-19b7-4a75-8a53-9f733fb5d774
G-Eazy,"hip hop, pop, rap",db48610c-6d8f-4d10-90ca-c4d14bb1a8b1
Toro y Moi,"edm, indie, other, pop, r&b",3a6d6481-142d-423f-91d4-55bbfff318ed
Aminé,"hip hop, pop, rap",12398bf3-1b99-47b7-930c-f3956773f35a
KAYTRANADA,"edm, hip hop, other, r&b",e56aee57-d90e-40cf-a70d-beb70f6f3c69
Louis The Child,"edm, other, pop",a56f9cc3-1569-4205-8514-9c5c545d724d
Teddy Swims,"country, other, rock",35feae82-8b2c-4f8f-ae7a-af5662848947
Chromeo,"edm, indie, other, pop, rock, world",647221d0-f6b1-4e03-924c-c59b8059536f
EVERGLOW,k-pop,bd04c7b4-530c-4802-ae16-962d004a5093
Tems,"other, pop, r&b, world",5b2a8faa-ffee-4706-a1a8-58f109bc8ca2
Glass Beams,other,5bb54b77-2caa-4377-bdc3-3b8c0f5e507f
Suki Waterhouse,"other, pop",8389ff77-a7a4-4ba4-bf1b-17ded47d41a1
Dayseeker,rock,d9a9b6aa-c5c5-40dc-95ec-0bff029245c0
Vince Staples,"hip hop, rap",78e854b8-9713-4ff2-9218-6b3784893bff
Lupe Fiasco,"hip hop, pop, rap",cf15719f-51f9-4db8-a15d-5eed9664ce69
Tinashe,"pop, r&b",396a9525-0994-4542-b480-c4587feeb476
KISS OF LIFE,k-pop,cbe629e3-fbbd-4071-9e12-4c5074c2231b
Sultan + Shepard,edm,30ae649d-142a-4a97-b38d-bd02efebf4b0
mxmtoon,pop,ccbced49-2689-46f8-9101-1c265d6f7b8f
Franz Ferdinand,rock,aa7a2827-f74b-473c-bd79-03d065835cf7
Barry Can't Swim,edm,7dcf3b98-701a-4309-a90c-eb4179b96ea9
(G)I-DLE,k-pop,0068ae6c-7156-40f9-a81f-39294af6a549
NCT DREAM,"k-pop, other",dc7c8277-d4b6-4bca-bdfe-50eee42536ac
USHER,"hip hop, other, pop, r&b, rap",3414d446-735a-443c-931f-10634f57e5b9
Hans Zimmer,"classical, other",e6de1f3b-6484-491c-88dd-6d619f142abc
Rahat Fateh Ali Khan,"other, pop, world",014431e3-c5a3-4a57-b86b-fe8f2e3253ff
Cigarettes After Sex,"indie, other, pop",34557d8f-ee4a-44ab-ae6e-49bb8ac604d0
Maxwell,"other, r&b",d252cca8-8214-43e5-b81a-101eb4a1447e
Kirk Franklin,"other, r&b",685332a4-12ed-4c3b-8d0e-04e6a37e28f0
TobyMac,"christian, hip hop, rock",8484e4ab-b6b5-4326-b837-72eb72c9e8a4
aespa,k-pop,b51c672b-85e0-48fe-8648-470a2422229f
The Script,"other, pop, rock",4c98aa1b-34eb-4336-987f-5e50aa059c00
DPR IAN,k-pop,7cc968e5-7ff7-4ec8-9334-c3344bafd383
Future Islands,"indie, other, pop, rock, world",74963434-dcb6-4b14-98cc-99873b06db66
Tori Kelly,"other, pop, r&b",e4b87494-a5eb-439d-b3bf-5f1b46d4dc6b
Quinn XCII,pop,20749ae2-4e7b-4b12-bf58-4436afe33385
Bonnie Raitt,"other, rock",0f0da09c-3940-4cb5-879f-4cea28907810
Ginger Root,"indie, pop",22dc2681-4260-437e-a570-c4e92e011f68
Goth Babe,"pop, rock",3482e723-ee80-4dfc-b6e9-5a47732fd6b6
Crumb,other,b747dabe-b66c-48f6-bae6-b5e16d86b9ab
Bright Eyes,"indie, other, pop, rock",78f797e3-4913-4026-aad0-1cd858bd735b
Sammy Rae & The Friends,pop,b3f83f97-92c3-4eb3-afbf-87c1b9a6f0ed
Royel Otis,"pop, rock",2244c1f9-773f-4541-a4fe-ee6dc4f2ce60
PJ Morton,"other, r&b",d0bb100a-c0d6-4ef7-bde2-cc5095a31d24
Juanes,"other, pop, rock",8b0f05ce-354e-4121-9e0b-8b4732ea844f
Modest Mouse,"indie, pop, rock",a96ac800-bfcb-412a-8a63-0a98df600700
Inhaler,"indie, pop, rock",aed63829-e917-498b-bb7f-cf76459702dc
Caribou,"edm, indie, other, pop, world",735e3514-a8ae-401f-af3b-6300df1b8d2c
Dayglow,"indie, pop, rock",2bee95a7-1c0e-4b3c-99a5-4857d9d776dd
Elyanna,pop,bc563821-40ec-48e9-b0a0-4f41dc46a1f2
LP Giobbi,"edm, other",dae7874c-3428-4e16-be51-5cb1968c8a97
David Kushner,"other, pop",39b67b8b-d237-4df9-b1a6-7cf4cf749b36
John Legend,"other, pop, r&b",75a72702-a5ef-4513-bca5-c5b944903546
San Holo,"edm, hip hop, pop",23101701-cecf-4c9b-9b4c-d6a249eac118
JJ Grey & Mofro,"other, rock",b11d2b63-c6da-4f52-9f62-9a166e2290f3
Foster The People,"indie, pop, rock, world",e0e1a584-dd0a-4bd1-88d1-c4c62895039d
L'Impératrice,"indie, other, pop",abc31be8-02b2-4bb1-867d-604d50b7be78
David Gray,"other, pop, rock, world",3e8bd859-7d82-49e0-b267-84fc46e2bf68
COIN,pop,14be55fa-72b8-4fad-906f-0589614d2ce8
Hippo Campus,"pop, rock",cf9655a8-ce1e-414e-9843-de1c4a60830d
A R I Z O N A,"indie, pop",46b9c1ea-a7d1-49fc-a3b9-3a95a33f3a19
thủy,"pop, r&b",c9f8413b-85c3-48f3-953f-2c28e03875c4
flipturn,"indie, pop",0c97b403-1aae-4315-93ab-af54fe2169d6
Maya Hawke,"indie, pop",6879c573-d161-427c-8b67-77d65fa477bb
Snow Patrol,"other, pop, rock",a66999a7-ae5c-460e-ba94-1a01143ae847
Caravan Palace,"jazz, other",72eabb1a-4d2c-4de6-90f2-671b2cada42b
Tobe Nwigwe,hip hop,7de9971f-3e29-48b9-9647-f47841eb99db
ROLE MODEL,pop,4c76d2ab-cc32-47b9-8bfe-d382bed617f6
Myles Smith,pop,73d2a9d4-de5d-4bcd-9acb-ddf67dfd71ac
Barry Can't Swim,edm,7dcf3b98-701a-4309-a90c-eb4179b96ea9
Max Richter,"classical, other",509f20b2-5df3-4aec-9bbc-002131fb3f99
Christian Nodal,"latin, other",7f464f95-2410-4040-a88e-1dbe96f17fcd
Junior H,"latin, other",af1b83bb-3edc-4443-b771-67a1d235e82b
Grupo Firme,"latin, other",f8549adf-74e1-4955-b06a-2933ede7bb04
Becky G,"hip hop, latin, other, pop, rap",eb90c8b8-d733-4c14-a293-105c3d1ba9b3
Billie Eilish,pop,f4abc0b5-3f7a-4eff-8f78-ac078dbce533
Ado,"world, other, pop",e134b52f-2e9e-4734-9bc3-bea9648d1fa1
Soulwax,"edm, indie, other, rock, world",68ec1b08-3c2e-40b3-b0af-8f323743fdff
Franc Moody,"edm, other, r&b",003ca7a0-60ef-4c4b-a4d6-f8e33256577e
Lamp,"other, pop",8bff8d1d-2e87-4b97-9909-2bd3404e92b9
Montell Fish,rap,20634ec0-4bdb-47dc-9bf4-07ed76f8154a
Novo Amor,"indie, other",61a57a2a-4c7f-4b41-8109-1070a9c32242
Griff,"pop, r&b",b711d64a-32d1-4605-a366-0205d7256dc3
Wild Rivers,k-pop,ffd11889-af95-42ed-b0ee-315df62510f5
salute,other,87484a93-1aae-4917-8d2f-7af0d16a2129
Sertab Erener,"jazz, other, pop",d138302b-4f57-4d1d-83e3-47f95cb51774
Coco & Clair Clair,"hip hop, pop",9e4ea8d1-8e38-40ca-acb6-092e6b8387ae
Jess Glynne,"edm, pop",89ccd7c3-b4f8-45a6-a53f-e903eaaf96be
Maria Becerra,"hip hop, latin, other, pop",a69b643d-2cd9-4914-8a1a-3f3797a7323c
Marc Rebillet,"other, r&b, rap",bcc23428-887a-426f-8ec3-19291782cdb4
HOMESHAKE,"indie, other, pop, rock",377c4d69-7c77-4186-b536-c4ecd8d97be6
Action Bronson,"hip hop, rap",031bc934-28c9-491a-8648-c078450187dc
The Drums,"indie, pop, rock",c3ecef5d-84f3-4942-8c24-0a626343c3f4
Washed Out,"edm, indie, other, pop",74a30f2a-dae6-4e99-8a75-cb0f93b31aa6
Zeds Dead,edm,f9fdca15-1bef-43a0-8213-758b6ee0aa91
La Femme,"indie, other, pop, rock",559211a5-2a51-4346-ba84-5cc74821a1cd
Kasablanca,edm,bdd47361-0508-497a-8c90-55d1de04bd38
Sango,"edm, other, r&b",150aacdf-a15f-46b8-8a99-25cde68e90de
Flight Facilities,"edm, indie, other",785e1c02-f535-4fc0-a1d6-23de849ebdcb
DJ Seinfeld,edm,595058cd-36fe-4994-8933-df92ff68ebd7
Confidence Man,"other, pop, world",9fab430a-f1af-4a69-bf68-6857a7a50a68
bbno$,hip hop,27638856-79a1-4495-b7da-1912899560c7
Johnnyswim,"k-pop, pop",f73fb555-9bce-4c67-b101-311efd2e9f79
Hulvey,"christian, rap",96fbc4f8-f4ba-41e1-9277-d3e885bf603e
Dean Lewis,pop,21e9df94-3c2c-4c15-b069-fefa58bcd650
AWOLNATION,"indie, pop, rock",77b29df2-056e-409e-a1b2-5e2bbfe421c4
James Bay,"pop, rock",6a997121-0919-482b-a91b-c6fe1b55a4b9
Remi Wolf,pop,afb6cc6d-a060-4f5e-bc3a-00d4b6832e41
Van Morrison,"other, r&b, rock",a41ac10f-0a56-4672-9161-b83f9b223559
King Gizzard & The Lizard Wizard,"other, rock",f58384a4-2ad2-4f24-89c5-c7b74ae1cce7
Dabin,"edm, pop",6d539d7d-454b-44b1-b7de-881a987d4edd
Meghan Trainor,"hip hop, other, pop",b2029169-2574-4305-820f-252a5fde3697
Imagine Dragons,"pop, rock",012151a8-0f9a-44c9-997f-ebd68b5389f9
Porter Robinson,"edm, other, pop",4ae36ade-1798-48c4-b06b-cc68b7d3d83f
RÜFÜS DU SOL,"edm, indie, pop, world",1cfa6ee5-1189-4ade-97db-8f20a6ba5c76
Kaskade,"edm, pop",29ed4a49-fb99-4a5c-8713-609cabe6f34a
SLANDER,edm,e33994a3-2f5c-42f5-8df1-4d23c331a4a5
Sammy Virji,"edm, other",e23abc5f-478a-4594-ad18-b3805b3c5316
Jamie xx,"edm, indie, other, r&b",d1515727-4a93-4c0d-88cb-d7a9fce01879
Rezz,edm,2eaf4267-4dd6-412a-9bb0-596afb90215b
Lane 8,"edm, pop",bd052b81-353a-4bce-8cd8-72ba9d4ce414
Kygo,"edm, other, pop",ba0e7638-0cd6-4ff4-8987-c3e224d22c23
Mariah Carey,"other, pop, r&b",494e8d09-f85b-4543-892f-a5096aed1cd4
Empire Of The Sun,"edm, indie, other, pop, rock",ac7e838c-3d95-47c2-92a9-81767ad7c217
Charli xcx,pop,260b6184-8828-48eb-945c-bc4cb6fc34ca
ONE OK ROCK,"pop, rock",6ef00829-fa94-4fee-a5a6-b28e1208e96a
Marc Anthony,"latin, other, pop",25607613-aceb-445a-8519-83a2ee0f8402
Electric Light Orchestra,"other, rock",0c502791-4ee9-4c5f-9696-0602b721ff3b
Gesaffelstein,"edm, other",cc3e537d-ff34-423f-8cd6-635a80f4dba7
Shakira,pop,bf24ca37-25f4-4e34-9aec-460b94364cfc
John Summit,"edm, other",2547c5e3-314c-4332-981d-f18c902a4086
Andrea Bocelli,"classical, other, pop",c5a0a216-c33c-42dc-92b8-4b60236f8dad
The Lumineers,"k-pop, other, pop, rock",bfcb6630-9b31-4e63-b11f-7b0363be72b5
Cage The Elephant,"pop, rock",b41b38d4-ef3e-4f37-8c75-cfe9af999696
Glass Animals,"edm, indie, pop, rock",20395131-fbde-43ce-b141-b700cfdae99c
Luis R Conriquez,"latin, other",27a2af41-601d-4a99-911f-87c03174bfac
Four Tet,"edm, indie, other",3bcff06f-675a-451f-9075-99e8657047e8
TobyMac,"christian, hip hop, rock",8484e4ab-b6b5-4326-b837-72eb72c9e8a4
Anuel AA,"hip hop, latin, other",87a75fc3-59e7-4598-925c-8e230bce5db9
Kany García,"other, pop",b73433e9-24bd-4446-bf0c-40826bd48b44
Codiciado,latin,352a0aae-e7b9-427d-a1fa-3c5c980e958d
Ana Bárbara,"latin, other, pop",802c896a-754c-44b3-a7e4-68f032707161
Eden Muñoz,"latin, other",a040fae5-844c-4014-9e05-2175e0d80a51
Metallica,"other, rock",65f4f0c5-ef9e-490c-aee3-909e7ae6b2ab
Kenshi Yonezu,"other, pop, r&b, rock",09d4a85c-4916-4b4e-bc96-c4cfcf371046
Ha*Ash,pop,e40f289b-601f-4470-86cd-416c3172311a
Yuridia,"latin, other, pop",15ba83b7-d89a-4dd6-9695-1290fb567493
Megan Moroney,"country, pop",9eb2030a-c311-4cbf-a8f2-c57a58aa18ce
LCD Soundsystem,"edm, indie, other, pop, rock, world",2aaf7396-6ab8-40f3-9776-a41c42c8e26b
Carl Cox,"edm, other",8f614665-3418-4ca8-aa6a-737b4636b995
Gorgon City,"edm, other, pop",ba8aaa28-2de4-4d5c-824e-1e9d49235c55
The Red Pears,rock,445b1c99-aa09-452d-90fb-05f56799d2f8
WOOSUNG,k-pop,c71b2a13-6860-4a90-9f14-afb76ada208c
ARMNHMR,"edm, pop",f5aa8374-e16b-4645-bb1d-f88a855fb924
Sunday Scaries,edm,5835d7bd-d090-4265-b7ba-beaafa638ab1
Eli Brown,"edm, other",61bb4f68-d1a3-4a04-aa36-536c36135408
Two Friends,pop,c394e9ff-888f-4c03-a494-147d5aa53ccb
Weston Estate,r&b,fdd2e101-4cba-4f6b-8b21-76c6173ad862
万能青年旅店,"indie, rock",4cd1ce8c-469e-4ff6-a987-59819b975a85
BLP KOSHER,hip hop,11be1aca-4f6e-4880-9960-8064587f3531
Becky Hill,"edm, other, pop",27bc6f5b-4585-49ab-8d7d-c62b59f5f010
TR/ST,"other, pop",b8e3d1ae-5983-4af1-b226-aa009b294111
NERO,"edm, other",bd057a0c-a7b6-47bf-8dc3-45e0efac1798
berlioz,"classical, edm, other",274774a7-1cde-486a-bc3d-375ec54d552d
Ashnikko,"hip hop, other, pop",6dee6b6f-aa72-424c-9c8c-0d31ba5ff673
Gallant,r&b,ddce4f6c-d2a5-4e59-845c-a50f60c8ec05
NATHY PELUSO,"r&b, rap",88e70937-92ae-4a15-bfc6-a94940ce916b
Brooks Nielsen,indie,4e21677f-d065-4be7-8bff-1f21712d36b7
ATARASHII GAKKO!,"k-pop, pop, rock",12a43a61-e31a-4cac-92a6-c95ce9cdfe3c
Paris Hilton,pop,0d9ff9c7-394e-4228-93aa-c4afd4765324
Orville Peck,"country, other, rock",437b356d-88f1-4dde-af5e-dec1c9d7dde4
Chief Keef,"hip hop, other, rap",9118f524-be76-4eaf-875c-ccf15e2a2ad6
Gunna,"hip hop, pop, rap",100b8734-f4f0-4536-9960-47f7c59d1b4c
Chase Atlantic,"other, pop, r&b",ecab255c-3af3-4154-87ec-2685041ce297
JSTJR,other,38c95aaf-0873-4c51-b197-771eb116a1d7
SABAI,emd,492f3f44-9ea2-400f-bf7f-fc2df1086ec9
RL Grime,edm,c046b587-5e98-4631-a5c0-e5d8e18d6b13
Dillon Francis,"edm, other, pop",1c294418-722f-45a3-a24d-910f9b6f1502
Oneohtrix Point Never,"edm, other, pop",9cea062d-d476-447f-98b4-e67e14bfd1e4
Foster The People,"indie, pop, rock, world",e0e1a584-dd0a-4bd1-88d1-c4c62895039d
Apashe,edm,ce0724ab-2d63-415b-bbb1-839f97bb771a
Molchat Doma,"indie, other, rock",11bcbbf4-1252-496a-b747-06942f3d76db
THE DRIVER ERA,rock,782e4545-1b33-4520-98c8-8dda3779b678
Jordan Rakei,r&b,812c46e5-3d65-4e80-ada8-269450c5621b
Mark Ambor,pop,483e1216-3eb3-4996-a45d-55f6169689a0
julie,"jazz, other, pop",e7ee5f13-baf5-4a87-b58b-f871c137d4f5
GEMINI,r&b,385d09fa-1866-408c-8d15-9c7324494463
Will Clarke,edm,8998dddc-55bb-47da-a709-08c7d46ff036
Orion Sun,"pop, r&b",b25798de-0ca8-4f44-886e-3d00f6e9be6e
Lovejoy,"indie, other, pop, rock",deefd67b-c917-4b0d-ab48-c5af7f92cd82
Luke Grimes,pop,fbd0f15b-e29e-4083-8136-54e78df596f1
Kaivon,edm,e0ff315a-158a-470f-9557-1617390a21b9
The Elovaters,"other, rock",2f9db9dd-0733-411a-9dca-b88a2de9c086
Hello Seahorse!,"indie, latin, pop, rock",57233aae-d23e-4f8b-8e5a-231d159afa1c
Łaszewo,pop,8eea42ed-bece-4802-b6f2-1873d16795e6
Anike,hip hop,523b938d-726d-421d-9a5c-0fc85bfbaf85
Zaho de Sagazan,"edm, other, pop, rock",87685458-1aef-49b7-945b-03a892d9c482
DaBaby,"hip hop, pop, rap",87ae83df-6173-40cc-a0f2-bad543faa6aa
Monophonics,"indie, other, r&b",f1745cca-1cae-4696-a0d3-62553c742b0c
Arooj Aftab,"classical, indie, jazz",12d0b276-b102-4779-ac35-6939c584d9da
Nouvelle Vague,"jazz, other",b017a7ae-e5ee-4675-bb13-c83346134971
MJ Lenderman,"country, indie, rock",4f52595e-652d-4894-95ea-f925234629fc
Dhruv,pop,57f8c80b-7255-4913-a096-713c6c6c51b4
The Plot In You,"other, rock",c2e7d4ac-5e30-4b55-99b7-e49d99fd7c63
Bon Entendeur,"other, pop",c6217a1f-da06-4760-aeef-3dc7aea999dc
Magic City Hippies,indie,36b4fc35-165a-48fa-9897-dd83eecc01d9
Skegss,"indie, rock",6240c77b-82be-42d9-8199-9e4dba700c00
Anoushka Shankar,"classical, other, world",40ee8fa3-c6d7-4556-b4e2-9f4114565043
Michael Marcagi,indie,d2e83041-3409-4c5a-80b6-872ae439bf17
Daily Bread,"hip hop, edm",2d29a448-718d-45fb-a283-3a98d3ca6e1e
Emei,"pop, world",33ca1c01-0f4f-454c-8715-4e36908c594b
The Bloody Beetroots,"edm, other, rock",30d639db-5c8f-494e-a937-460a4b67f3b4
The Cavemen.,"pop, world",883051f4-592b-470e-8891-824c0cf54a5a
Ryan Castro,"hip hop, latin, other",2f87ff5c-dd38-4e2f-8a63-ace112b44002
Midland,country,e0a60de0-22c3-4e10-ac93-3a385191bbf6
LSR/CITY,edm,3fdc3763-d752-4c50-817e-faac02486a18
Warren Zeiders,pop,6d9e7506-8b53-4dd8-992a-512b18f3b6ba
Miles Minnick,hip hop,af451315-3d84-4457-91a7-9aac2d608b91
Hasan Raheem,"hip hop, indie",9c17ac50-b289-4aa5-8cb6-dbd366643ffb
Arin Ray,r&b,ba09f88f-d95a-4dad-8e99-60ce49349251
Babyface Ray,hip hop,d82481ab-4f2e-4fd7-af2f-9dbaa38704da
AUR,"hip hop, pop",d4119565-9fb7-4318-acc3-ff11a237733c
Spencer Sutherland,"other, pop",638b7a60-2ff3-45c2-aaaa-a98757eae873
Eric Bellinger,"pop, r&b",07a8922d-680a-4637-a55e-88d7d1969a95
Jojo Lorenzo,edm,faf22a91-6c84-42fd-b908-9191fb80ccfd
8TURN,k-pop,08bc1626-aa7b-4daa-9a2a-caeb87987712
Mogwai,"rock, other",d700b3f5-45af-4d02-95ed-57d301bda93e
Maribou State,"edm, other, r&b",72034a05-bcd8-40c2-8255-3ee4ac0e7ef0
The Wrecks,"indie, pop",3f194516-6f0d-4d26-b631-71117f3bc41d
Elmiene,r&b,1a610683-e359-4895-a4a7-e98cf314e502
Wale,"hip hop, pop, r&b, rap",e34e41f2-f480-45d3-8190-a3ce5ab34fab
iDKHOW,"other, pop, world",91ae77d8-3bb5-4e59-98a7-532ac0f2825d
Elyanna,pop,bc563821-40ec-48e9-b0a0-4f41dc46a1f2
Rise Against,"other, pop, rock",606bf117-494f-4864-891f-09d63ff6aa4b
Ryan Ofei,christian,2b729592-7a51-4f4f-9284-e294460a3aaf
State Champs,"other, pop, rock",e2e9df76-a950-4b8b-b3d1-981624470657
Dylan Schneider,"country, pop, rock",db1f6549-096a-4add-8486-52f95cf0f332
Tanner Adell,pop,dc5aa749-10d1-4e58-a18d-9e2c8cadaa7c
Gavin Adcock,pop,4a75faf4-995d-42dd-88b6-e5ff2d61e791
Fousheé,"other, pop, r&b",a298565e-d43e-46c4-b35c-bfe131258815
Leon Thomas,"jazz, r&b",46f70f03-d259-4314-b926-2db36c28d86f
Edgar Alejandro,"latin, other",deb96449-9798-4afd-aa00-37417922b5b3
The Front Bottoms,"indie, other, pop, rock",622b6000-ff0d-4ab3-9e98-c4916f3692c3
hannah bahng,k-pop,7ea00d04-8663-4d28-a6d5-50e43934596b
42 Dugg,hip hop,4214aa04-64b0-442a-982b-0560e6d3a5bd
OMEGA X,"k-pop, pop",168e414f-6d5f-4115-986a-b37b4d4e2acf
William Beckmann,country,1b1b9168-ff61-4186-8c3b-58ce14f20f52
The Panhandlers,country,c99e7568-1e9c-4589-bee9-1545a80aba2c
Jamie Miller,pop,081e71fb-4291-4a0c-a0f7-52b6c9ea8b31
Spencer Crandall,pop,82ae1c4c-459d-4bb2-a66c-b4df6c6cadf8
Elsa y Elmar,"indie, pop, r&b",2a6426e5-966e-4fec-a8c0-36908abbb866
Ashley Cooke,"country, pop",c9d80789-e6db-46a5-94da-b54f0e79a633
Larry Fleet,pop,a4e6027c-3cac-4e9a-8d01-b646b0d5654c
The Backfires,rock,fc247843-807e-4a9d-bcd8-4d29ed54f296
Vincent Lima,pop,55989e47-4c3f-49ad-9b1c-10cf4f9c2107
Saint Motel,"indie, pop, rock",5c2593bc-1621-4c4d-821b-b7bb6ff213b5
Harry Mack,rap,05a600d5-3c06-415f-8087-2acbc76b7631
Carly Pearce,country,199affdb-93c0-4a9d-a4d0-26dc4fa01806
PHABO,r&b,4fe9f6a9-3ecc-4a1d-9f62-74603a0b3bfd
Seven Lions,"edm, other, pop",75c016da-48e4-4992-8a10-b7128189b272
James Hype,"edm, other, pop",51cbf154-4b7f-4ec5-86a7-d269ae7d101a
Indo Warehouse,edm,a7f2c8e4-5eda-4729-8d3b-2d8ab2e7dc15
DJ Snake,"edm, hip hop, other, pop",31445b1e-96f3-4c7f-84ec-dd02e647e690
Galantis,"edm, pop",a7229e38-bab7-48c1-9f35-9b4c49738b0f
Eric Prydz,"edm, other, pop",35dac7d2-0b1f-470f-9a5a-c53c8821f6d6
Black Coffee,"edm, pop",7fa03932-cd68-498f-aa4f-d4a6a2ce6071
Lilly Palmer,edm,b6c834af-59ed-499b-b287-22e2ff4dba13
CamelPhat,"edm, other",61314ff2-7b52-4296-a0b8-af61dc08bdd1
INZO,edm,dc783897-8ee2-46a3-9df9-af2a37494877
deadmau5,"edm, other, pop",4a00ec9d-c635-463a-8cd4-eb61725f0c60
Charlotte de Witte,edm,1de4e373-e597-4087-bf3d-256ec597749e
Diplo,"edm, other, pop",a56bd8f9-8ef8-4d63-89a4-794ed1360dd2
Dombresky,edm,141472ac-0262-4e57-85ac-2850a7793e35
Fatboy Slim,"edm, other",34c63966-445c-4613-afe1-4f0e1e53ae9a
MEDUZA,"edm, other, pop",016b6741-a443-492c-ae7f-fb0378d3270e
Nora En Pure,"edm, pop",f81ace47-638d-4729-a155-1be48dc2fa48
Levity,edm,6d1df48e-7257-41d3-9c10-57aa139158d4
Amelie Lens,"edm, other",67db280d-c3e4-49d9-978e-4050f4e209ef
Mau P,edm,429ea265-e9d0-40fc-b193-e1e4b6b7fbdf
Crankdat,edm,00b21266-918d-434c-b31e-3f1a3e96cad5
for KING & COUNTRY,"christian, rock",594beb50-0853-4e48-b3b9-b9ce1c3b72c9
Justin Timberlake,"pop, r&b",596ffa74-3d08-44ef-b113-765d43d12738
"Tyler, The Creator","hip hop, rap",f6beac20-5dfe-4d1f-ae02-0b0a740aafd6
Chris Tomlin,"christian, rock",b50b36b5-aec1-401f-a722-e5ab673af14d
Maverick City Music,"christian, other",7af366ec-4e17-4a23-8a13-90bc180b6520
Billy Strings,other,640db492-34c4-47df-be14-96e2cd4b9fe4
Koe Wetzel,"country, pop, rock",cf59723d-febb-4481-9b9b-3cb2c7f2a7e6
Flatland Cavalry,country,ada86294-d23d-4e54-a764-570d090f0d8e
Elevation Worship,christian,f3bb45c8-dcb3-4358-ab21-645e6d0935e4
Kelsea Ballerini,"country, pop",779d1126-e48c-43f2-8b51-005f3b116d7e
Rascal Flatts,country,6e0ae159-8449-4262-bba5-18ec87fa529f
Kameron Marlowe,"country, pop",be259f80-096e-4dc1-8933-d60a8cf3bc69
lovelytheband,"pop, rock",60f7b450-59dc-4be7-8b88-383fb4f66322
Majid Jordan,"hip hop, r&b",abaa7001-0d80-4e58-be5d-d2d246fd9d87
Madison Ryann Ward,"pop, christian",8daf9542-8953-406d-97c8-f7812ad1eb18
Paul Cauthen,"country, other",a8874f32-9068-476f-ba45-2681e17c53de
Four Year Strong,"indie, other, pop, rock",c0a138e2-cef7-471b-8fbb-524e1076256a
Sam Barber,pop,be7c80ee-1b03-4088-b20b-5915c7c5ad45
Virtual Riot,"edm, other",33db34de-5419-4d4c-a45b-3dfd6b7d8a72
Lil Xan,rap,986e466c-7efb-49cc-8034-d05a4af5ab75
girl in red,"indie, pop, rock",4ae429fe-735c-4968-8253-a591421b1bd0
Panchiko,"other, pop, rock",8f64d6ea-3f6c-408c-b2e0-e5334b28dae9
ian,classical,24f1766e-9635-4d58-a4d4-9413f9f98a4c
Tchami,"edm, pop",374a63ed-2502-495a-8e31-139e3ed7507e
Wooli,edm,d5d38024-4428-4ef8-9c0c-2b78efa097ad
Billlie,k-pop,3bd894b2-ec26-4ca0-b6cf-b5e66ead1f2e
Mason Ramsey,country,5cf7f4fa-b9d7-42ae-b08c-6c1588877733
Robert Glasper,"indie, jazz, r&b",6e8f82ea-9e6d-4fdd-9b32-32feef13186b
Champagne Drip,"edm, other",f5d9c469-cf44-47e8-8bef-be402ea45dfa
Highly Suspect,rock,afd55c72-d123-4237-9818-fa3ce634b3dd
Lauren Sanderson,pop,4b98945e-a710-4f13-8bd1-6daa43fd1a5d
Moon Hooch,jazz,abf9640c-076c-4f89-9dad-df9ee851ff29
Bayker Blankenship,pop,9ddfa93c-07d1-4b00-8b9e-3f61c5511da0
Jack Kays,"hip hop, pop, world",d4bff576-7afd-4bac-9884-280b43afe8fa
Soccer Mommy,"other, pop, rock",84803b1d-dcb3-490d-9af5-debbba64a011
Last Dinosaurs,indie,546b225b-162d-4b81-b649-032616736db7
Andy Grammer,"other, pop",9e60ea29-9607-4f7d-aa96-2092ef41f0d3
Joy Oladokun,"other, pop",a2abdca1-2041-45b9-8d01-e34fdef7922f
Marc Scibilia,indie,26efd9e7-3bd2-4c39-bcb8-bf5aa512a5b9
Ben Böhmer,edm,e4f12dfc-1ee7-4250-8e24-549b6d46676d
Gusi,"latin, other, pop",4cfd5c57-7e2a-4a9d-8dc5-7056154b9e3d
Fontaines D.C.,"other, rock",fd87acc7-e0a0-4a45-bc2a-d2ab5c10be68
Tiago PZK,"hip hop, latin",5013fedb-a4aa-4467-b60e-374d704e5337
LATIN MAFIA,"latin, indie",33118d4b-cec1-4030-b37c-0e81fdf97dc8
Palace,indie,44d766e3-fc4a-4c19-9cdc-cd69966de1d8
Nils Frahm,"classical, other",d03a54bc-6e07-4c04-a8d4-7fbf2bd07a01
Halsey,pop,3377f3bb-60fc-4403-aea9-7e800612e060
Pond,"indie, rock",69ac44f7-c80d-47b4-9bc8-fcc758d209e6
KnowKnow,"world, r&b, other",a36f7f03-5928-4e07-8c73-49dd001e9143
María José,latin,5f1021da-ccbb-41ff-8b82-90f9f1eeb8ee
MADDIX,edm,0ae6eb0e-f5b4-48b0-98ab-2158ccd6f5c8
Triple Charm,pop,8e7600db-098d-46e3-8860-2749050489d9
Ash,"world, edm, other",99164692-c02d-407c-81c9-25d338dd21f4
DAY6,"k-pop, pop",77191d5f-1045-4b3b-ad7f-12ea398db929
Danna,"latin, pop",45926800-aa45-4bfc-a1f1-b25416d75215
OMNOM,edm,23f6348c-b070-449b-888b-01781624a31d
Rihanna,,73e5e69d-3554-40d8-8516-00cb38737a1c
Coldplay,,cc197bad-dc9c-440d-a5b5-d52ba2e14234
Eminem,,b95ce3ff-3d05-4e87-9e01-c97b66af13d4
Drake,,9fff2f8a-21e6-47de-a2b8-7f449929d43f
The Weeknd,,c8b03190-306c-4120-bb0b-6f2ebfc06ea9
Bruno Mars,,afb680f2-b6eb-4cd7-a70b-a63b25c763d5
Taylor Swift,,20244d07-534f-4eff-b4d4-930878889970
Maroon 5,,0ab49580-c84f-44d4-875f-d83760ea2cfe
Kanye West,,164f0d73-1234-4e2c-8743-d77bf2191051
Ed Sheeran,,b8a7c51f-362c-4dcb-a259-bc6e0095f0a6
Beyoncé,,859d0860-d480-4efd-970c-c05d5f1776b8
Adele,,cc2c9c3c-b7bc-4b8b-84d8-4fbd8779e493
Justin Bieber,,e0140a67-e4d1-4f13-8a01-364355bee46e
Kendrick Lamar,,381086ea-f511-4aba-bdf9-71c753dc5077
Katy Perry,,122d63fc-8671-43e4-9752-34e846d62a9c
Lady Gaga,,650e7db6-b795-4eb5-a702-5ea2fc46c848
Calvin Harris,,8dd98bdc-80ec-4e93-8509-2f46bafc09a7
Lana Del Rey,,b7539c32-53e7-4908-bda3-81449c367da6
Ariana Grande,,f4fdbb4c-e4b7-47a0-b83b-d91bbfcfa387
Red Hot Chili Peppers,,8bfac288-ccc5-448d-9573-c33ea2aa5c30
David Guetta,,302bd7b9-d012-4360-897a-93b00c855680
U2,,a3cb23fc-acd3-4ce0-8f36-1e5aa6a18432
Queen,,0383dadf-2a4e-4d10-a46a-e9e041da8eb3
Arctic Monkeys,,ada7a83c-e3e1-40f1-93f9-3e73dbc9298a
Chris Brown,,c234fa42-e6a6-443e-937e-2f4b073538a3
Lil Wayne,,ac9a487a-d9d2-4f27-bb23-0f4686488345
Post Malone,,b1e26560-60e5-4236-bbdb-9aa5a8d5ee19
Miley Cyrus,,7e9bd05a-117f-4cce-87bc-e011527a8b18
Radiohead,,a74b1b7f-71a5-4011-9441-d0b5e4122711
Pitbull,,d262ea27-3ffe-40f7-b922-85c42d625e67
The Killers,,95e1ead9-4d31-4808-a7ac-32c3614c116b
Black Eyed Peas,,d5be5333-4171-427e-8e12-732087c6b78e
Fleetwood Mac,,bd13909f-1c29-4c27-a874-d4aaf27c5b1a
Elton John,,b83bc61f-8451-4a5d-8b8e-7e9ed295e822
Sam Smith,,5a85c140-dcf9-4dd2-b2c8-aff0471549f3
J. Cole,,875203e1-8e58-4b86-8dcb-7190faf411c5
Green Day,,084308bd-1654-436f-ba03-df6697104e19
Sia,,2f548675-008d-4332-876c-108b0c7ab9c5
Britney Spears,,45a663b5-b1cb-4a91-bff6-2bef7bbfdd76
Travis Scott,,e4a51f17-a57b-47b1-b37b-f552d0f8e9e6
Frank Ocean,,e520459c-dff4-491d-a6e4-c97be35e0044
Future,,48262e82-db9f-4a92-b650-dfef979b73ec
The Rolling Stones,,b071f9fa-14b0-4217-8e97-eb41da73f598
OneRepublic,,c33c2065-b1c3-4406-b066-d33a9e2ea71a
A$AP Rocky,,25b7b584-d952-4662-a8b9-dd8cdfbfeb64
Ellie Goulding,,33ca19f4-18c8-4411-98df-ac23890ce9f5
Wiz Khalifa,,f5dfa020-ad69-41cd-b3d4-fd7af0414e94
Kings of Leon,,6ffb8ea9-2370-44d8-b678-e9237bbd347b
Jason Derulo,,6de0f914-3e60-4418-be3b-42e0feb6eb4d
Flo Rida,,4593d49a-7f67-46ba-9ec0-126bd676286f
Gorillaz,,e21857d5-3256-4547-afb3-4b6ded592596
Harry Styles,,7eb1ce54-a355-41f9-8d68-e018b096d427
Foo Fighters,,67f66c07-6e61-4026-ade5-7e782fad3a5d
Muse,,9c9f1380-2516-4fc9-a3e6-f9f61941d090
Alicia Keys,,8ef1df30-ae4f-4dbd-9351-1a32b208a01e
Twenty One Pilots,,a6c6897a-7415-4f8d-b5a5-3a5e05f3be67
Paramore,,44cf61b8-5197-448a-b82b-cef6ee89fac5
SZA,,272989c8-5535-492d-a25c-9f58803e027f
Shawn Mendes,,b7d92248-97e3-4450-8057-6fe06738f735
Tyler,,0aa8294b-6332-4b65-b677-e3a1f8591d3b
Hozier,,b4691384-50c3-4afd-9988-51d3ec5db65d
Lorde,,8e494408-8620-4c6a-82c2-c2ca4a1e4f12
Tame Impala,,63aa26c3-d59b-4da4-84ac-716b54f1ef4d
Jay-Z,,f82bcf78-5b69-4622-a5ef-73800768d9ac
Kid Cudi,,e0e1db18-f7ba-4dee-95ff-7ae8cf545460
Fall Out Boy,,516cef4d-0718-4007-9939-f9b38af3f784
Mumford & Sons,,c44e9c22-ef82-4a77-9bcd-af6c958446d6
AC/DC,,66c662b6-6e2f-4930-8610-912e24c63ed1
Snoop Dogg,,f90e8b26-9e52-4669-a5c9-e28529c47894
Khalid,,28737730-ec70-4da5-89c5-77ac13c5c34d
The Chainsmokers,,91a81925-92f9-4fc9-b897-93cf01226282
Selena Gomez,,e4bc69e2-a064-4f93-ada1-f7f209cc1cc3
50 Cent,,8e68819d-71be-4e7d-b41d-f1df81b01d3f
Guns N' Roses,,eeb1195b-f213-4ce1-b28c-8565211f8e43
The Cure,,69ee3720-a7cb-4402-b48d-a02c366f2bcf
Demi Lovato,,faf4cefb-036c-4c88-b93a-5b03dd0a0e6b
The Neighbourhood,,97b8d224-5660-419c-8dff-4b3bf0c33983
Big Sean,,942a9807-9c1a-4a0e-a285-1fde2c5be9d1
Kesha,,fab34286-b8e1-4879-bce3-194e1358fbd2
Doja Cat,,5df62a88-cac9-490a-b62c-c7c88f4020f4
MGMT,,c485632c-b784-4ee9-8ea1-c5fb365681fc
Michael Bublé,,611700cf-27f0-4dc9-ae80-c513a767853e
Panic! At the Disco,,b9472588-93f3-4922-a1a2-74082cdf9ce8
blink-182,,0743b15a-3c32-48c8-ad58-cb325350befa
John Mayer,,144ef525-85e9-40c3-8335-02c32d0861f3
The Strokes,,f181961b-20f7-459e-89de-920ef03c7ed0
Major Lazer,,75be165a-ad83-4d12-bd28-f589a15c479f
Dr. Dre,,5f6ab597-f57a-40da-be9e-adad48708203
The Black Keys,,d15721d8-56b4-453d-b506-fc915b14cba2
Kelly Clarkson,,d339efbb-77b9-4147-ba9e-59f2f24550b2
Madonna,,79239441-bfd5-4981-a70c-55c3f15c1287
Linkin Park,,f59c5520-5f46-4d2c-b2c4-822eabf53419
Skrillex,,ae002c5d-aac6-490b-a39a-30aa9e2edf2b
Avril Lavigne,,0103c1cc-4a09-4a5d-a344-56ad99a77193
Stevie Wonder,,1ee18fb3-18a6-4c7f-8ba0-bc41cdd0462e
DJ Khaled,,081a2d60-9791-4e05-a075-f1890355eeee
Bon Iver,,437a0e49-c6ae-42f6-a6c1-84f25ed366bc
Jennifer Lopez,,f0602f55-1770-483d-89bd-4bae0d0ac086
OutKast,,73fdb566-a9b1-494c-9f32-51768ec9fd27
Olivia Rodrigo,,6925db17-f35e-42f3-a4eb-84ee6bf5d4b0
Billy Joel,,64b94289-9474-4d43-8c93-918ccc1920d1
Pearl Jam,,83b9cbe7-9857-49e2-ab8e-b57b01038103
Pharrell Williams,,149f91ef-1287-46da-9a8e-87fee02f1471
Lil Uzi Vert,,8837b875-3689-4646-b3fd-d8b53815c7a8
Miguel,,285e1285-aecc-478f-a8da-0c8cf69e1217
Tyga,,ce09ea31-3d4a-4487-a797-e315175457a0
Tiësto,,aabb1d9f-be12-45b3-a84d-a1fc3e8181fd
21 Savage,,37b2cb82-ef79-4d46-a184-a549450aa231
Marshmello,,301b45a4-b8b9-410e-8344-4b4eaf96691a
Nickelback,,bc710bcf-8815-42cf-bad2-3f1d12246aeb
Bon Jovi,,5dcdb5eb-cb72-4e6e-9e63-b7bace604965
Cardi B,,2f3c4d70-0462-40da-bba3-0aec5772c556
Enrique Iglesias,,35f866dc-c061-48ba-8157-cf2e0eac4857
Macklemore & Ryan Lewis,,97b226c8-7140-4da3-91ac-15e62e131a81
Florence + The Machine,,5fee3020-513b-48c2-b1f7-4681b01db0c6
System of a Down,,cc0b7089-c08d-4c10-b6b0-873582c17fd6
Aerosmith,,3d2b98e5-556f-4451-a3ff-c50ea18d57cb
Train,,bfd5aec5-62a2-4560-a316-7c46c17babda
Jack Johnson,,ff6e677f-91dd-4986-a174-8db0474b1799
The xx,,c5c2ea1c-4bde-4f4d-bd0b-47b200bf99d6
Ne-Yo,,a4a01f5d-18e7-4571-8c3a-76ec0e24e2d7
Bad Bunny,,89aa5ecb-59ad-46f5-b3eb-2d424e941f19
Bastille,,7808accb-6395-4b25-858c-678bbb73896b
Bob Dylan,,72c536dc-7137-4477-a521-567eeb840fa8
T.I.,,f7ba7fbe-c6bd-4ac0-bee9-c25c558d7d62
Migos,,0221734a-35a8-40f7-b5c5-2f61a200bc7c
Disclosure,,ae65c507-d9a0-4d42-9a6c-2b1f82158b9f
Labrinth,,dc99e6fd-c710-4f79-b74b-127b4d0b7849
Christina Aguilera,,b202beb7-99bd-47e7-8b72-195c8d72ebdd
Akon,,1138a764-2212-4d0a-b02d-0dc14df91e08
Jason Mraz,,82eb8936-7bf6-4577-8320-a2639465206d
alt-J,,fc7bbf00-fbaa-4736-986b-b3ac0266ca9b
Young Thug,,800760de-bdf8-43a2-8fe0-44a2401a5515
Bruce Springsteen,,70248960-cb53-4ea4-943a-edb18f7d336f
5 Seconds of Summer,,830e5c4e-6b7d-431d-86ab-00c751281dc5
Metro Boomin,,59db3d82-86ea-451f-881f-dffc8ec387c9
The Smashing Pumpkins,,ba0d6274-db14-4ef5-b28d-657ebde1a396
Camila Cabello,,01b8b5bf-06cb-45da-85fb-61ada72fcd69
Trey Songz,,4d7304f6-7fe3-4959-9d98-01a5af84afe6
Eagles,,f46bd570-5768-462e-b84c-c7c993bbf47e
The Beach Boys,,ebfc1398-8d96-47e3-82c3-f782abcdb13d
The 1975,,5b6ebfe0-f72b-4902-bba9-74c8af0f1af0
Sean Paul,,c3da3346-2643-48a7-93cd-011f6834b3d7
Mac DeMarco,,f2492c31-54a8-4347-a1fc-f81f72873bbf
Arcade Fire,,52074ba6-e495-4ef3-9bb4-0703888a9f68
J Balvin,,5bdeb32d-56a5-4b6d-a768-264101fa0a0a
Jessie J,,d24fb461-dee8-41fc-bb15-2f13bb2644a6
Charlie Puth,,525f1f1c-03f0-4bc8-8dfd-e7521f87631b
Nelly,,811900b2-68fc-4d41-8bad-69b7a1f4d628
Ty Dolla $ign,,7bd66c18-cb33-49aa-9279-140acedbdb49
Clean Bandit,,dacc2d64-7e59-42a8-87a9-10c53919aff2
Kali Uchis,,d0c7656d-8169-4f77-9dbe-b8f24e40105d
Martin Garrix,,3e1f2ee4-16be-4406-bf18-6173840cf2b1
B.o.B,,72c536dc-7137-4477-a521-567eeb840fa8
Chance the Rapper,,373a4c98-a46b-48e4-86ec-f6ca65b4f438
Steve Lacy,,ca9766a0-1c30-43e6-a213-bac1334efc4a
Slipknot,,a466c2a2-6517-42fb-a160-1087c3bafd9f
Gucci Mane,,36494952-f434-45d8-a958-8b4acdbcf8a8
2 Chainz,,dff0d392-4cd5-4052-9fbb-f485df3891e5
Jeremih,,1c009a08-74d1-4682-bc56-8bfbe9e66b62
The Kooks,,f82f3a3e-29c2-42ca-b589-bc5dc210fa9e
Daddy Yankee,,2f522f5c-111c-4ce8-8bd0-d82e97c227ad
Journey,,abd506e1-6f2b-4d6f-b937-92c267f6f88b
The Offspring,,23a03e33-a603-404e-bcbf-2c00159d7067
Pixies,,b6b2bb8d-54a9-491f-9607-7b546023b433
Mark Ronson,,c3c82bdc-d9e7-4836-9746-c24ead47ca19
Depeche Mode,,8538e728-ca0b-4321-b7e5-cff6565dd4c0
Gwen Stefani,,2e41ae9c-afd2-4f20-8f1e-17281ce9b472
Nelly Furtado,,13655113-cd16-4b43-9dca-cadbbf26ee05
The Fray,,2ddd167f-5b8a-4372-b350-6ad50493bac0
Vampire Weekend,,af37c51c-0790-4a29-b995-456f98a6b8c9
Tory Lanez,,5b8ec72b-9e39-4a06-a2bf-964166b92a71
T-Pain,,ce55e49a-32f4-4757-9849-bf04d06d5fcc
Joji,,8264722b-df00-467a-858e-5c97cda169c9
M83,,6d7b7cd4-254b-4c25-83f6-dd20f98ceacd
Meek Mill,,31bcadcc-e1da-4cad-bec8-2f4f1d41b095
Tove Lo,,56756959-1e78-429c-b897-e1d056cb0225
Nas,,cfbc0924-0035-4d6c-8197-f024653af823
Of Monsters and Men,,9e103f85-7af7-41d7-b83b-49ba8f0c5abf
Lil Nas X,,0b30341b-b59d-4979-8130-b66c0e475321
Bryson Tiller,,d8fd8d9b-473b-4f06-83c8-869b1bb9de89
Logic,,713e751f-3ddb-4b77-b3b1-9e6f2e953ad5
James Arthur,,56f62fe8-d3a0-46e0-b5df-a64a8b4b4274
Rae Sremmurd,,c78c3026-426b-4580-ab23-08490bb8b515
One Direction,,1a425bbd-cca4-4b2c-aeb7-71cb176c828a
Little Mix,,38f59974-2f4d-4bfa-b2e3-d2696de1b675
Swedish House Mafia,,99075985-0d80-4692-a15e-b16f78831792
Kodak Black,,5ec1ecc6-4535-4911-a27a-e26343f4a189
ABBA,,d87e52c5-bb8d-4da8-b941-9f4928627dc8
PARTYNEXTDOOR,,f23ef341-33bd-47c1-b83c-846a78581f05
Lewis Capaldi,,526aab94-697f-44a9-b630-41d1c0505953
Beck,,309c62ba-7a22-4277-9f67-4a162526d18a
Earth,,535afeda-2538-435d-9dd1-5e10be586774
Eric Clapton,,618b6900-0618-4f1e-b835-bccb17f84294
Flume,,35fd8d42-b4a6-4414-9827-8766bd0daa3c
Phoenix,,1ae51eb3-4c6a-4e47-8193-7228884aeffc
Troye Sivan,,e5712ceb-c37a-4c49-a11c-ccf4e21852d4
Luke Bryan,,aab35942-f176-4f77-bbf9-1d6aa98ccf3f
Ludacris,,0638ba22-040f-438d-83a5-9b670c4adaf5
Korn,,ac865b2e-bba8-4f5a-8756-dd40d5e39f46
Daniel Caesar,,b46e298d-d3a5-4695-a03e-63e8c523b23e
Timbaland,,daa09819-5da5-4c7a-8bef-eb372bb27ff1
Santana,,9a3bf45c-347d-4630-894d-7cf3e8e0b632
ScHoolboy Q,,bce6d667-cde8-485e-b078-c0a05adea36d
French Montana,,45dc5f07-6609-4760-a933-8c9e0f858d05
Lil Yachty,,a668565b-41b8-44a8-9d5c-8e609dbf69fc
Death Cab for Cutie,,0039c7ae-e1a7-4a7d-9b49-0cbc716821a6
Jhené Aiko,,ceb3f5b7-9f1a-430f-afbe-976fdcf30482
Beach House,,d5cc67b8-1cc4-453b-96e8-44487acdebea
Playboi Carti,,2baf3276-ed6a-4349-8d2e-f4601e7b2167
Sufjan Stevens,,01d3c51b-9b98-418a-8d8e-37f6fab59d8c
The Who,,9fdaa16b-a6c4-4831-b87c-bc9ca8ce7eaa
Rick Ross,,13bcb2bb-db37-4397-baf5-e0f085be2d64
P!NK,,f4d5cc07-3bc9-4836-9b15-88a08359bc63
Melanie Martinez,,0df563ec-1a79-486e-a46d-5b9862a40311
Daryl Hall & John Oates,,debabff3-2559-46e5-862d-ef2a906d7010
Lizzo,,8fb5370b-9568-4b61-9da5-2aa12c9928db
George Ezra,,2c5e2a98-d9ea-46b5-9618-d9bb4863a920
Alessia Cara,,97e69730-3791-423b-9770-287261588854
Fergie,,1c46e82f-4764-4d82-a33b-5d5aee5e2881
Blur,,ba853904-ae25-4ebb-89d6-c44cfbd71bd2
Brent Faiyaz,,201412c6-7ced-472b-87a9-9259ec3c07d3
Clairo,,d786f59b-1836-4ddb-8393-ab753edbe984
Bring Me The Horizon,,074e3847-f67f-49f9-81f1-8c8cea147e8e
BTS,,0d79fe8e-ba27-4859-bb8c-2f255f346853
Avicii,,c85cfd6b-b1e9-4a50-bd55-eb725f04f7d5
The Goo Goo Dolls,,e2c00c56-8365-4160-9f40-a64682917633
My Chemical Romance,,c07f0676-9143-4217-8a9f-4c26bd636f13
Lil Baby,,d42a5768-ada1-4fb6-85fd-f61aba6264e0
Evanescence,,f4a31f0a-51dd-4fa7-986d-3095c40c5ed9
Trippie Redd,,8032cf05-d916-4b2a-9c53-6e75d4a24bd8
Deftones,,7527f6c2-d762-4b88-b5e2-9244f1e34c46
Lynyrd Skynyrd,,c544ed4d-2390-4442-a83e-1ea2883b09c8
Paul McCartney,,ba550d0e-adac-4864-b88b-407cab5e76af
Norah Jones,,985c709c-7771-4de3-9024-7bda29ebe3f9
Fun.,,40e7db88-da65-46c6-909d-82e48a40da4d
Bryan Adams,,4dbf5678-7a31-406a-abbe-232f8ac2cd63
Ice Cube,,1d11e2a1-4531-4d61-a8c7-7b5c6a608fd2
Kiss,,e1f1e33e-2e4c-4d43-b91b-7064068d3283
Blackbear,,e07d9474-00ea-4460-ac27-88b46b3d976e
Russ,,9ddf4b19-dd14-45d9-b056-49541b16dc80
Moby,,8970d868-0723-483b-a75b-51088913d3d4
Queens of the Stone Age,,7dc8f5bd-9d0b-4087-9f73-dc164950bbd8
will.i.am,,d574c9bd-46f6-440a-8d6a-8412a283eeb1
Jason Aldean,,f24df11a-7e35-4979-a4db-a3b2a170ce27
Three Days Grace,,fabb37f8-eb2a-4cc1-a72a-b56935bbb72d
YG,,6b1cf581-17a9-42c3-927b-d1e2797b1695
Lady A,,0eedfc95-e79a-4fd9-832a-cd816a0b3fda
Fetty Wap,,e3492ea0-5997-4241-a7bf-2fd7fb1bfad1
Blondie,,4d2956d1-a3f7-44bb-9a41-67563e1a0c94
Passenger,,186e216a-2f8a-41a1-935f-8e30c018a8fe
Rex Orange County,,883cbf1f-dcaa-4d17-b9ed-394e1fdabc87
Mike Posner,,5b64e344-b2fb-47bd-bd7b-4c793b17d472
Carly Rae Jepsen,,09887aa7-226e-4ecc-9a0c-02d2ae5777e1
Zara Larsson,,134e6410-6954-45d1-bd4a-0f2d2ad5471d
Sublime,,95f5b748-d370-47fe-85bd-0af2dc450bc0
Dominic Fike,,e337c918-098f-418e-97a2-81dc224b1bf9
Lily Allen,,6e0c7c0e-cba5-4c2c-a652-38f71ef5785d
Backstreet Boys,,2f569e60-0a1b-4fb9-95a4-3dc1525d1aad
Carrie Underwood,,70f0e309-5418-49b6-a130-666e2f76eecd
Yeah Yeah Yeahs,,584c04d2-4acc-491b-8a0a-e63133f4bfc4
Iggy Azalea,,3a052c99-8c18-484a-8beb-9873b4fb3106
Milky Chance,,6d230d98-fb8d-4421-a6e8-daca4e55d53e
Tate McRae,,f9133869-f87c-459c-9aa7-2f176cda7e06
Birdy,,1b8bdee5-783a-4eca-88e5-3e9460739546
Jonas Brothers,,6e019bc6-5c23-4935-94f0-4a896631d846
M.I.A.,,7cf0ea9d-86b9-4dad-ba9e-2355a64899ea
Ciara,,03172286-f7ed-4864-a4db-459cd5ca9790
Limp Bizkit,,8f9d6bb2-dba4-4cca-9967-cc02b9f4820c
Disturbed,,4bb4e4e4-5f66-4509-98af-62dbb90c45c5
TV Girl,,38f0c7ac-46eb-49ca-b3ab-c785ccd05a60
Phil Collins,,401c3991-b76b-499d-8082-9f2df958ef78
Rod Stewart,,a35237a0-4f47-40a6-b6f3-1e786db23402
Megan Thee Stallion,,ee27b2d8-648c-4a9d-a68c-e55066959975
Taio Cruz,,ba7d2626-38ce-4859-8495-bdb5732715c4
Maluma,,e8979f75-9110-4df8-ac70-898898d080d1
Gotye,,6f6fd596-76e0-4b82-aa37-f558ac2d337b
The All-American Rejects,,09885b8e-f235-4b80-a02a-055539493173
The Game,,07cc14fb-4784-4a25-804b-2686ed5ef52c
Ozuna,,f2651b63-a44d-4d1d-ba64-d981d971ecd1
Tom Odell,,fee6a7fb-80d9-4290-a171-e48f1f20e381
Bebe Rexha,,db8fad3a-e131-47a1-8782-c2ee93708cdd
The Kid LAROI.,,80609a00-b394-4a49-975b-2db6b543fa97
Tim McGraw,,7e5cfc9a-e9e1-46f1-b81a-861b12049488
MARINA,,7f3d82ee-3817-4367-9eec-f33a312247a1
Tears For Fears,,7c7f9c94-dee8-4903-892b-6cf44652e2de
Neil Young,,75167b8b-44e4-407b-9d35-effe87b223cf
James Blake,,8dc08b1f-e393-4f85-a5dd-300f7693a8b8
P/NK,,f4d5cc07-3bc9-4836-9b15-88a08359bc63
Zac Brown Band,,507226f4-0842-4f43-950e-81a7017230ec
Niall Horan,,55e6074f-ef78-4ec3-8fff-bd1b8cc8c14a
Quavo,,6143403a-df6c-429e-8ee6-ef869896b0da
Jack Harlow,,134cb0bc-06fa-42f7-8078-b0c858349975
A Tribe Called Quest,,9689aa5a-4471-4fb4-9721-07cecda0fa9f
Celine Dion,,847e8a0c-cc20-4213-9e16-975515c2a926
Avenged Sevenfold,,24e1b53c-3085-4581-8472-0b0088d2508c
Van Halen,,b665b768-0d83-4363-950c-31ed39317c15
Nine Inch Nails,,b7ffd2af-418f-4be2-bdd1-22f8b48613da
Massive Attack,,10adbe5e-a2c0-4bf3-8249-2b4cbf6e6ca8
Thirty Seconds to Mars,,d8354b38-e942-4c89-ba93-29323432abc3
Dolly Parton,,1d543e07-d0d2-4834-a8db-d65c50c2a856
Fleet Foxes,,fa97dd36-1b82-43d7-a6e4-2adeafd59cef
Christina Perri,,38d363c7-fdcb-4308-9474-a0d14ab8d9b7
A$AP Ferg,,8ab5d936-49d1-415e-92c8-151e0e7dd912
Lykke Li,,cc7d4686-ea02-45fd-956e-94c1a322558c
Fifth Harmony,,e565610b-9a8f-451d-b594-ea658d76f725
The Shins,,6c8b9855-ba8b-48f9-ac1d-42167f7f7b18
Alice In Chains,,4bd95eea-b9f6-4d70-a36c-cfea77431553
Noah Kahan,,a2a3f910-b188-43e7-81d0-f1ac2a2f3e12
Joey Bada$$,,9757ae7d-44b1-4d63-81ce-b463fe27b9ae
Daft Punk,,056e4f3e-d505-4dad-8ec1-d04f521cbb56
Iron Maiden,,ca891d65-d9b0-4258-89f7-e6ba29d83767
Florida Georgia Line,,c16817df-0160-490d-a437-c128cbca9218
All Time Low,,62162215-b023-4f0e-84bd-1e9412d5b32c
New Order,,f1106b17-dcbb-45f6-b938-199ccfab50cc
Papa Roach,,c5eb9407-caeb-4303-b383-6929aa94021c
Sean Kingston,,f7eb3be3-1065-4a53-94d4-e2d0c15c0b33
Karol G,,de22adae-f8ac-414f-b653-b0162611bd60
Passion Pit,,daeec599-bf5d-4428-994a-e76ba5f86e2f
Macklemore,,b6d7ec94-830c-44dd-b699-ce66556b7e55
Sum 41,,f2eef649-a6d5-4114-afba-e50ab26254d2
Portugal. The Man,,3599a39e-4e10-4cb5-90d4-c8a015ebc73b
Keith Urban,,f45da029-7b00-4bf3-962c-0eeb20309cc4
Owl City,,ad279295-653f-42e1-9aaa-b731df2e78ba
Blake Shelton,,2ad66473-ccb3-41d2-8756-b56680cdfe62
No Doubt,,fbd2a255-1d57-4d31-ac11-65b671c19958
Summer Walker,,9167f739-da47-4495-9d63-9c13b40114ac
NF,,5660a8c7-d0d9-4181-89b4-8e125328e31e
Jorja Smith,,d62614aa-ef2c-44cd-8a7b-91292755a1d0
Ozzy Osbourne,,8aa5b65a-5b3c-4029-92bf-47a544356934
Robbie Williams,,db4624cf-0e44-481e-a9dc-2142b833ec2f
Duran Duran,,1a1cd7f3-e5df-4eca-bae2-2757c9e656b5
PinkPantheress,,7441014f-f8f5-494f-81db-ff166fbc078d
Sting,,7944ed53-2a58-4035-9b93-140a71e41c34
Keane,,c7020c6d-cae9-4db3-92a7-e5c561cbad50
ROSALIA,,25f3abd9-63b5-471a-bd25-feb9672dfa11
3 Doors Down,,2386cd66-e923-4e8e-bf14-2eebe2e9b973
Anderson .Paak,,d02dd67e-f655-4600-bc47-f789f59e7367
Lenny Kravitz,,0ef3f425-9bd2-4216-9dd2-219d2fe90f1f
Robin Thicke,,ddfd9b2f-186e-4b2c-ad09-01aa5380c225
Jungle,,6bbb3983-ce8a-4971-96e0-7cae73268fc4
Foals,,6a65d878-fcd0-42cf-aff9-ca1d636a8bcc
Iron & Wine,,c3f28da8-662d-4f09-bdc7-3084bf685930
Juicy J,,c45d161f-83ce-4464-ba41-44202e6916d9
Band of Horses,,07b6020a-c539-4d68-aeef-f159f3befc76
Marilyn Manson,,5dfdca28-9ddc-4853-933c-8bc97d87beec
Rudimental,,b09ced80-aa65-43c1-9aa7-58b1e982eada
Toto,,aab5c954-cabe-432e-899e-1c4f99757327
Offset,,92631c53-91ed-48f5-a09d-a104ba69cdc7
Def Leppard,,7249b899-8db8-43e7-9e6e-22f1e736024e
Grouplove,,d8e41375-bd8d-4e39-9da7-f0c171e97086
Don Omar,,afbdfac9-2955-4404-ae22-c08bf1c1b51e
Rammstein,,b2d122f9-eadb-4930-a196-8f221eeb0c66
Zach Bryan,,51e90731-08c0-4f60-89b6-5b78e5844de8
Counting Crows,,a0327dc2-dc76-44d5-aec6-47cd2dff1469
Missy Elliott,,a0b8cb9e-7532-45fe-a74c-30e7c4009a39
R. Kelly,,c2d25856-a09a-4d15-b404-77dd19c19e63
Kid Ink,,60614320-9caf-4ae4-bded-7140672fdf8a
Wu-Tang Clan,,0febdcf7-4e1f-4661-9493-b40427de2c13
Rita Ora,,c9dd033c-0270-463c-b3ec-f4b7712486fe
Bazzi,,edf81f9b-d3f0-4d57-9636-d08e851b1640
Rage Against The Machine,,3798b104-01cb-484c-a3b0-56adc6399b80
Young the Giant,,7fe96b15-5608-430e-ad25-77a01353c5d9
BLACKPINK,,48646387-1664-4c9a-9139-9bfd091b823c
Armin van Buuren,,477b8c0c-c5fc-4ad2-b5b2-191f0bf2a9df
TLC,,99790314-885a-4975-8614-9c5bc890364d
ODESZA,,2e222fce-02ae-4221-b1c6-3c3242b423b6
Chris Stapleton,,71d58182-aa37-4c04-b21a-efe46ea0f221
Grimes,,7e5a2a59-6d9f-4a17-b7c2-e1eedb7bd222
Nicky Jam,,c458e9dc-e0d5-45ea-9e83-f9d0395f030d
Steve Aoki,,a39acc4a-985e-4173-a9ed-f325f2d3bc1c
Jimmy Eat World,,bbc5b66b-d037-4f26-aecf-0b129e7f876a
Pusha T,,14ecd19f-7121-4192-8549-e5056241a42f
Her,,93998e01-ff53-4af7-ba2a-5674adcdf21e
Chappell Roan,,56a55378-f155-48de-80a5-d80104221267
Alanis Morissette,,4bdcee62-4902-4773-8cd1-e252e2e31225
Lord Huron,,51c76d97-0635-433c-b26d-66beb81657f8
Phoebe Bridgers,,96855c21-b832-4366-ba12-0d2330c36a86
Shaggy,,fc63d806-ca89-4ea3-a404-ee6de695743f
Busta Rhymes,,10a9ff92-9637-4498-afea-7044b2ab0dc0
The Temper Trap,,bb6eaced-69dd-4636-829f-9f987acc4fc3
Lost Frequencies,,ea7260de-e1b1-43f1-bb11-f78274a36308
Edward Sharpe & The Magnetic Zeros,,4a069029-4f64-4946-b650-01aeb0b55d9d
Anne-Marie,,e3d5b5ec-101a-4529-9f2d-01dca64cf44e
Ben Howard,,534dda3c-b73f-408b-8889-bd68eae84df6
Måneskin,,3862342a-43c4-4cdb-8250-bfdbfb5e1419
Machine Gun Kelly,,8d9315a4-ee01-427f-92ae-53162e008c51
Jonas Blue,,17678771-5799-4017-851a-319f25b6948d
LMFAO,,ed5d9086-e8cd-473a-b96c-d81ad6c98f0d
Thundercat,,044fd265-79dd-43eb-afc4-8b20becf7e17
Ms. Lauryn Hill,,e8414012-4a1c-4ad4-be5e-fc55294e28cc
Paul Simon,,05517043-ff78-4988-9c22-88c68588ebb9
Kenny Chesney,,5dca4d22-d6c8-4e70-8ca1-4543e43353c7
$UICIDEBOY$,,ef326b3d-61f0-4379-aca0-21237d696d63
Kasabian,,69b39eab-6577-46a4-a9f5-817839092033
Chemical Brothers,,1946a82a-f927-40c2-8235-38d64f50d043
Dave Matthews Band,,07e748f1-075e-428d-85dc-ce3be434e906
Justice,,860b2707-6153-4e3a-aa57-74d2b42c55b5
Stromae,,ab2528d9-719f-4261-8098-21849222a0f2
ZZ Top,,a81259a0-a2f5-464b-866e-71220f2739f1
The Pussycat Dolls,,1fda852b-92e9-4562-82fa-c52820a77b23
MØ,,3ab2ee23-1c2f-458c-9c8c-ca4844729120
Jamiroquai,,f4857fb9-e255-4dc6-bd01-e4ca7cc68544
Bonobo,,9a709693-b4f8-4da9-8cc1-038c911a61be
Robin Schulz,,163218c2-9e0f-4d2d-aecb-ebbdef6aab70
Hailee Steinfeld,,373f5bcf-f1ce-4515-83ed-0b8ed636bc14
Mötley Crüe,,26f07661-e115-471d-a930-206f5c89d17c
6LACK,,07832b42-8826-4ab1-acd3-c49a2f595ffe
The Prodigy,,4a4ee089-93b1-4470-af9a-6ff575d32704
Wallows,,9fae44ec-b95c-4b0f-a0a6-f0008613eabf
Luke Combs,,c20ee61f-071f-4e65-9c81-45ee931a54ce
Fred Again,,bca46a0c-25c9-42ca-98c2-e64c8a5e337e
Glee Cast,,29542149-a818-4167-aa91-439adc9d61f5
Björk,,87c5dedd-371d-4a53-9f7f-80522fb7f3cb
Alesso,,addb00fd-733c-4223-8fdf-f78be2488acd
Sara Bareilles,,e54be6b7-5c26-4b47-bb3f-c137429b9b55
Olly Murs,,0b108024-ccb5-468f-b2e9-77ed4f5615c6
Baby Keem,,81d12ca7-5b89-4d21-8736-860b7400b4eb
Brad Paisley,,6cfd7ffc-824f-4219-8e27-4b9417700f44
Neon Trees,,16243662-8538-4746-a0fb-0d15b5828b8e
Benson Boone,,62b914a7-d775-4bb4-bb5e-d46e7df115b5
Alabama Shakes,,40419b33-18e9-4d5a-a674-30b4bb14bac2
Nick Jonas,,943e3724-27e7-4e23-9b1c-cc5d46b5bcc7
Dave,,de0222a6-e1c4-403d-8b01-3f66d505061b
Crystal Castles,,b1570544-93ab-4b2b-8398-131735394202
Julia Michaels,,4757df70-6c3e-46b8-99c0-a68644595c9a
The Wombats,,e105c272-b5d7-4135-82ef-d60bded54345
Morgan Wallen,,2077273e-eaa1-4f49-903c-f286ededecb9
Al Green,,fb7272ba-f130-4f0a-934d-6eeea4c18c9a
Men I Trust,,25ab7547-a4d2-480b-b028-c7f3497bc858
Tracy Chapman,,1129817c-488a-4096-80c1-77fc1b107c93
The Verve,,d4d17620-fd97-4574-92a8-a2cb7e72ce42
Angus & Julia Stone,,69837400-8e31-4949-aac2-00b46b4df126
Willow,,6bbfc71b-5f18-4e61-82fb-bee0c2a6b5f9
Breaking Benjamin,,854a1807-025b-42a8-ba8c-2a39717f1d25
Romeo Santos,,35f343df-3b87-4475-b0e4-d2ba5cc26eea
Walk the Moon,,d4aad415-9cd0-4845-9b05-0416fdcc9fc4
Bloc Party,,8c538f11-c141-4588-8ecb-931083524186
Colbie Caillat,,efc8a006-d0c6-4a9b-8cb1-91ca770fa2b9
Scorpions,,c3cceeed-3332-4cf0-8c4c-bbde425147b6
Lil Tecca,,e6fdf3f9-8077-4126-b0cf-94da9a8b627e
HAIM,,aef06569-098f-4218-a577-b413944d9493
Sigur Rós,,f6f2326f-6b25-4170-b89d-e235b25508e8
Interpol,,b23e8a63-8f47-4882-b55b-df2c92ef400e
Brockhampton,,3ac96b4c-4f42-48c8-b793-84dbf54d7ac6
Gym Class Heroes,,f4d4b515-0b74-423f-a161-db184330c37c
Mac Miller,,a0e8a1b1-5f8f-475a-a253-17415c17d0ff
Lionel Richie,,3cb25fb2-5547-4b05-adec-1a5e37830d46
Raye,,8be564c3-dfba-440b-af8c-4ffbceeef45e
Ludovico Einaudi,,fa34b363-79df-434f-a5b8-be4e6898543f
José González,,cd8c5019-5d75-4d5c-bc28-e1e26a7dd5c8
Plain White T's,,49576e42-fbbd-4d73-968d-93c8dcf7f065
Paolo Nutini,,24ea074c-59cc-41c5-a5de-f68c2952965f
Oasis,,39ab1aed-75e0-4140-bd47-540276886b60
Plan B,,daf84e36-f78e-4c94-a032-6aed138c0d34
Eyedress,,0b619a94-481c-40ac-abae-85f33f2b1588
Khruangbin,,aea4c9b9-9f8d-49dc-b2ca-57d6f26e8634
Pentatonix,,79c67eb5-3851-4b28-bfe0-3adfcd6f58d7
Ski Mask The Slump God,,faf916e0-ffc5-4345-a10b-b79ed8c9b8f6
Billy Idol,,47c8f88b-987a-4b64-9175-2b1b57809727
Shania Twain,,faabb55d-3c9e-4c23-8779-732ac2ee2c0d
A Day to Remember,,db008806-16f6-48fc-8521-3d953709689d
Kodaline,,74aab3b7-93a5-473c-a729-f975234c58b6
Cold War Kids,,0741b30d-e15b-4a8c-b2e5-8834a03d6116
Five Finger Death Punch,,7e8571b1-7c5a-4739-bc51-73d422ee9d74
Mika,,8a9ac1cb-faae-434e-8d60-b139a3707dfc
Tool,,66fc5bf8-daa4-4241-b378-9bc9077939d2
Leona Lewis,,8d552dfc-648f-401f-90de-e925013ca537
Waka Flocka Flame,,59eda569-b380-4958-b98c-051d1667b3e1
Feist,,a670e05a-cea8-4b37-bce9-d82daf1a0fa4
Miranda Lambert,,4eca1aa0-c79f-481b-af8a-4a2d6c41aa5c
James Taylor,,107d0c22-d051-4d98-8206-4e14de02132a
Shinedown,,adc0f033-95c2-4e0b-87bc-c23ed3f26ce6
X Ambassadors,,298f4089-1948-44b5-b5e8-d5381f42362f
Portishead,,8f6bd1e4-fbe1-4f50-aa9b-94c450ec0f11
Pierce the Veil,,8ed919fb-eaee-45a1-ba99-b3ede9ca5f1d
Lil Durk,,c9cd225b-4883-428e-82c2-73e0b6282fb6
Luis Fonsi,,d68fda90-ab8d-4799-be56-317ba4ae700f
Foreigner,,160629ab-ec18-4931-8c95-02cb92d06186
Stone Temple Pilots,,8c32bb01-58a3-453b-8050-8c0620edb0e5
Mother Mother,,69681b02-05b8-4685-80cb-e98983b7a96f
Ava Max,,add5f522-25df-41c4-815e-0ca9f60b83e4
Afrojack,,a3ee920f-4e7f-4993-8aca-4b8538cfaa4a
The Temptations,,d8df96ae-8fcf-4997-b3e6-e5d1aaf0f69e
Sheryl Crow,,80ccfede-c258-4575-a7ad-c982e9932e0f
Mazzy Star,,c48d4327-8122-4286-af66-05e1ee6ac4d8
Simple Plan,,b345af35-205e-4eca-8006-029e5c20127e
Natasha Bedingfield,,8b477559-946e-4ef2-9fe1-446cff8fdd79
Stormzy,,67fd5116-7a49-4abf-a34f-b08774128a7a
Matchbox Twenty,,75af9d25-cf32-49c0-9192-60bd8e9784e6
NLE Choppa,,2873b450-13c6-4ca1-8ca3-646c25af3202
6ix9ine,,2282c539-05a2-477c-82b7-fe40798d37f3
The Head and the Heart,,98cb416e-5271-484c-ab3b-6bed6b4aae12
Dido,,d1353a0c-26fb-4318-a116-defde9c7c9ad
Pantera,,541f16f5-ad7a-428e-af89-9fa1b16d3c9c
INXS,,481bf5f9-2e7c-4c44-b08a-05b32bc7c00d
Regina Spektor,,fbb375f9-48bb-4635-824e-4120273b3ba7
d4vd,,d8e07579-ff5a-41f2-b7a7-c71880b8287a
Cults,,4c671d5a-7027-4398-8055-03e61d1a3967
London Grammar,,4dbe08c1-b40a-43b3-ab89-210000bd8ab2
Jeezy,,dcad99e7-3c3e-4c78-bf8a-68203e17da48
Steely Dan,,e01c3376-15fa-40d7-b747-5f219bdefdd7
Rauw Alejandro,,197b70c7-8910-4030-ad03-632d82aa40e3
Good Charlotte,,b267ca80-034e-4dc1-9ed4-ec45f1fed41d
Yo Gotti,,b02ec63e-e78d-43e5-a594-462e95036e8d
Prince Royce,,d1689304-23ac-4eae-a147-bd2e4100581a
John Williams,,53b106e7-0cc6-42cc-ac95-ed8d30a3a98e
Tinie Tempah,,3cce3d37-d44f-46a2-b1e3-cd7247d5015c
Seether,,fbcd7b29-455f-49e6-9c4f-8249d20a055e
Thomas Rhett,,bca8bfc0-9d5b-449b-b713-914596f88d56
Cypress Hill,,51508c1f-8d07-4a00-9cf1-26c570fe7b78
3OH!3,,125948ec-7f91-4d1a-8b83-accbf50fae3d
Placebo,,847e8284-8582-4b0e-9c26-b042a4f49e57
Steve Miller Band,,e57f0cac-4f56-473c-8d7e-d93f753fd586
Polo G,,7e1e5648-1d6a-4248-975a-98603e781848
CHVRCHES,,6a93afbb-257f-4166-b389-9f2a1e5c5df8
The Flaming Lips,,1f43d76f-8edf-44f6-aaf1-b65f05ad9402
Deep Purple,,79491354-3d83-40e3-9d8e-7592d58d790a
Kool & The Gang,,2469950a-f0ca-425a-bfbc-baf55ea3afde
Earl Sweatshirt,,8b22acd6-20e6-4463-a75c-c14b5cfdb666
Eric Church,,15856215-cc51-4423-879c-9ac955ccb11a
NAV,,418fe547-4bec-48fe-8df0-ed25e27f4570
Kaiser Chiefs,,90218af4-4d58-4821-8d41-2ee295ebbe21
Noah Cyrus,,5df148ae-78eb-495a-8a0b-d16f3105992d
The Wanted,,bcb16f22-b064-4b80-b3a3-c824bccdbab1
Selena Gomez & The Scene,,37d0a847-32d3-480f-bd1e-101f50a3d332
Wilco,,9e53f84d-ef44-4c16-9677-5fd4d78cbd7d
WIZKID,,efc5d365-a448-4e2f-9b5f-4a7c84be725c
Toby Keith,,2f951906-5629-4fef-a260-5033151c162a
Vacations,,82cf84b0-4caa-4dfb-b027-6d274e95c82d
Bombay Bicycle Club,,0ae49abe-d6af-44fa-8ab0-b9ace5690e6f
Alex G,,7df4c4de-3181-4a69-bd36-9d663970cebb
BØRNS,,b2befbb4-c585-4b05-8efa-3deebc8e1385
Metric,,4449ccf6-c948-4d33-aa97-b6ad98ce4b5b
Megadeth,,a9044915-8be3-4c7e-b11f-9e2d2ea0a91e
Metronomy,,93eb7110-0bc9-4d3f-816b-4b52ef982ec8
La Roux,,88d1360a-bc2d-47df-90d1-d2de285560aa
Aloe Blacc,,4bf89e02-6c30-4603-9f6a-52619b1bea1a
Willie Nelson,,668fd73c-bf54-4310-a139-305517f05311
Aphex Twin,,f22942a1-6f70-4f48-866e-238cb2308fbd
FITZ AND THE TANTRUMS,,8560d4e8-05e2-4c20-980b-ad2db445dd5d
N.W.A.,,3a54bffa-2314-44a2-927b-60144119c780
Spoon,,84eac621-1c5a-49a1-9500-555099c6e184
AJR,,2eb55bd9-cfbf-44fd-a5da-92dd825284c7
Madison Beer,,749ef494-8518-4b49-b685-63d8e728d25c
Common,,c0a1179b-b14a-4d68-a3c1-1fdab16ed602
Fabolous,,d2299099-e617-46dd-b013-ba0b4c72bc63
Grizzly Bear,,59a7fbcb-ff74-494d-abd0-9c82359040c9
Sleeping With Sirens,,3267d5a3-c72c-4c3b-bafe-ec8a569c0b74
Local Natives,,1bbf31dc-dbc0-4a7a-bf3f-48bc665878e1
Cher,,bfcc6d75-a6a5-4bc6-8282-47aec8531818
Sam Hunt,,b27229bb-5669-4e98-b4ce-0158b2451fe8
YoungBoy Never Broke Again,,127d8614-0876-4408-886c-6f110b047a78
Ice Spice,,6f2c949d-9540-4421-bf02-27ae27e00e33
Hotel Ugly,,d1338719-b2e2-45d6-a457-671232f553d4
George Strait,,5ab2cf34-517e-48eb-b3a5-34e1cbcd600a
Daughter,,a1ced3e5-476c-4046-bd74-d428f419989b
Boyz II Men,,b42eca0f-9381-43db-badb-1cba080a7dc2
CENTRAL CEE,,b0337af1-8d93-4671-b6c9-ba306bf942bf
Roddy Ricch,,5721c227-4caf-48b1-bbfc-1a4ed3276963
Bullet for My Valentine,,d530dbf9-69b1-404f-98f2-0431104f5a1e
The Naked and Famous,,216a7b44-3846-494c-93f5-f2d4d9b95b36
Emeli Sandé,,7cfaac66-62e5-4fcd-af1b-9d3aa8f68e8b
Farruko,,d2b3524f-67e8-45ef-bfc1-693cac525135
Tom Petty And The Heartbreakers,,f93dbc64-6f08-4033-bcc7-8a0bb4689849
Kevin Gates,,0c41b966-12e8-4c9b-87ea-af47798987b6
Janelle Monáe,,ee190f6b-7d98-43ec-b924-da5f8018eca0
Nick Cave and The Bad Seeds,,172e1f1a-504d-4488-b053-6344ba63e6d0
Third Eye Blind,,92a42e82-b36f-4308-82c1-68bad2e03c89
stephen sanchez,,a9c38fd2-04be-4bc6-a3bc-96508b226508
Kyle,,95373e26-9262-4449-bcfe-7e753226ddf4
Janet Jackson,,6be2828f-6c0d-4059-99d4-fa18acf1a296
YNW Melly,,59d6cea7-3771-4ce6-8c02-395ac5ba927a
Stereophonics,,0bfba3d3-6a04-4779-bb0a-df07df5b0558
Doobie Brothers,,588dea29-eea3-456b-a815-3ee04f75c8e7
Cake,,fa7b9055-3703-473a-8a09-adf2fe031a24
Icona Pop,,c5f259d0-abd8-418e-81ee-3965fd4e4e9a
Father John Misty,,172053e5-a7fb-4548-a64d-c53858b5e775
Burna Boy,,78a19169-ac75-4868-b504-7e2e073118e0
The Vamps,,d8b20d45-4d9e-437b-b5da-fbb27d98f8eb
Rob Zombie,,c995a379-60b9-404b-bd97-a7e2de0751d3
Gavin DeGraw,,3f2a12e9-6398-42fd-b257-2f6abd4aa5fc
Maná,,55441123-89a2-49ab-ae3f-df7a3e86835a
Boston,,0d8b0d50-e4cf-4da4-965d-f24c58ec3268
Heart,,bdbd48f5-abf3-4a4f-9a21-4551dbc3fde9
Lifehouse,,04591295-6d94-45cb-b6c7-1ae17c6f380e
The Roots,,80b3cf5e-18fe-4c59-98c7-e5bb87210710
Damien Rice,,2119beb8-6ac5-4f21-82a4-b831c90c0024
The Paper Kites,,a9d1d9b5-968c-486d-8a97-6077885f2ab8
Miike Snow,,753a1564-aaef-4d39-bc68-4a8d5e328cf7
Rich the Kid,,6d063567-dbf9-4b2a-bd11-1a4450cd93ca
Jaden,,166cb987-3156-4166-b0d3-f1ad5a6c514c
Hot Chip,,d8915e13-d67a-4aa0-9c0b-1f126af951af
lil pump,,65a01fd2-35fb-4817-90d5-ab5506b21161
Lukas Graham,,124cec07-44f1-4a99-9aaa-96a5bb9ec0bd
Laufey,,21a89505-10a9-4ac0-8388-833bc07b9f86
Denzel Curry,,5f95440d-7737-4a36-9bcf-c05337f7129b
Fiona Apple,,a9ee533f-8871-4f62-a6bb-91eb264abc90
Current Joys,,680a0350-cee3-49d4-a85d-7c9f4657fb97
CeeLo Green,,2c69465c-0f76-45ce-90a2-1ed0fdacc997
Mario,,09fa3805-2477-4944-9d30-e4e75fc92954
GoldLink,,7cb6e306-a75b-48b4-be00-2c4aa6bbe3a8
Dierks Bentley,,6bd7faa9-601f-44db-a2a6-239209f83156
Aventura,,5f2cb99a-7e59-429f-a44d-3a880edccfb1
Cavetown,,7999a8a1-6cbd-4453-8dd4-ebd03a10e44f
Falling In Reverse,,e56ab1ae-1cfa-4d0e-b33b-af31bff677c7
Kelly Rowland,,31bea673-d23a-4889-8da1-7cb040863268
Creed,,4b1a830b-0a1f-42e5-b8d5-1d6743912e99
Skillet,,16a43d5e-c52d-4eaa-9c3b-00b2c1d8e816
Belle and Sebastian,,e5c7b94f-e264-473c-bb0f-37c85d4d5c70
Gregory Alan Isakov,,5c61efe6-3cdf-4160-b43c-9274944369e6
Iggy Pop,,f37b3f31-b1f8-4b88-8cb5-b34f709b17d7
Jack White,,3ae2fb37-8a23-429d-9920-bac811c4fc22
Sleeping At Last,,72e8351a-3410-4fdb-898e-796c1ac4cb53
Skepta,,38474d18-9204-4f60-a137-1fcc6750b869
Ella Mai,,89d42b97-8042-4c14-a596-a2ccaef5fc4c
yeat,,9e6a6a2f-f696-4cc0-87f1-e4f712e46802
The Marías,,7a3970c9-ecd8-4eee-a267-4d8c77d97ff3
Kid Rock,,ad0ecd8b-805e-406e-82cb-5b00c3a3a29e
a-ha,,7364dea6-ca9a-48e3-be01-b44ad0d19897
Giveon,,ad322b8b-31b2-437d-8fd8-1af13c1d7b91
Little Dragon,,c8a9ae11-63bf-409b-8bf3-a96b3712a2ff
The Stone Roses,,b5fa29f1-6c22-4321-a488-b5f363b06b06
Beirut,,0af78501-5647-4c18-9a0d-66ac8789e13b
Santigold,,97b20fe3-0924-4a5f-9955-d0b5c5f9587f
Alice Cooper,,ee58c59f-8e7f-4430-b8ca-236c4d3745ae
Daughtry,,21e3292e-dac8-4609-b57d-402f926aa41f
Jamie Foxx,,15a5da16-8b89-4047-aefe-81473c97b5b2
Jax Jones,,a2507d4d-3387-4d31-a6e8-f2c9794fb37e
Peter Gabriel,,8e66ea2b-b57b-47d9-8df0-df4630aeb8e5
Cascada,,04af2581-6692-4f14-a7fe-151a36f20368
JVKE,,f29e031f-c6b6-4d52-8edd-dc8e14378e74
Ja Rule,,b504f625-4ef6-4a5a-81e8-870a61e8dc9c
The Vaccines,,aa76ec08-45ab-4724-9411-d80b0e59ac59
The Cardigans,,3e55d51d-687f-4a9d-af96-2fabccf802e5
Blood Orange,,3d254f1e-7d18-431b-baeb-68e57695dfdb
lil tjay,,d44b92db-dd49-4636-abe8-7c381f90b7aa
Lil Jon,,a95384b1-6aec-468c-ae0d-8c6daf87c4c2
Duke Dumont,,6060d1bb-94f8-4863-89b9-425487f2f6b2
The Band Perry,,28955336-2348-488a-9381-e3a7b0107343
BANKS,,faa28a33-5470-4b90-90c3-e71955d93a44
UB40,,7113aab7-628f-4050-ae49-dbecac110ca8
Will Smith,,5bae7081-64ef-4473-825a-38d310deb14c
America,,34cf95c7-4be9-4efd-a48a-c2ea4a0bb114
Broken Bells,,62d364d2-550b-420e-b918-b3bd1e4a2efc
Dizzee Rascal,,1a99cc88-aea3-4fe3-96b9-20791667f65f
John Newman,,589ef702-7f3a-4a1c-8f2c-4727005cfc0e
Bakar,,49ab0e3b-97ad-40c0-a664-5f40ce8129c7
Y.s.,,18fc67ff-308e-4bc0-911a-e1a1285b2f13
Diddy,,cabb4fcf-4067-4ba5-908d-76ee66fcf0c6
Oliver Tree,,1fa3bded-908f-47be-9784-3c9ef850682b
Manu Chao,,7570a0dd-5a67-401b-b19a-261eee01a284
Gnarls Barkley,,a47c3aa2-7d87-475c-a2c7-1e2047dafb09
PnB Rock,,aa5a6061-e60d-4a58-b9f6-c09de390bb2d
Ricky Martin,,70ea63ea-70dc-4b63-951a-2c249d2b3b0a
Unknown Mortal Orchestra,,e2305342-0bde-4a2c-aed0-4b88694834de
Kelis,,1239d1bc-cc09-43e0-bcd0-374f60346138
Capital Cities,,119a2c67-e6d6-41cf-a58c-c51b75c80daa
R3HAB,,eb0fbe2c-6eb7-40bc-900b-3e056c158125
Fugees,,ea321799-9b1d-4e74-a074-a5facf597d82
Two Feet,,07d0e0b3-dea4-4892-bee7-eaad19d093ec
Cat Power,,05755bf1-380c-487f-983f-d1a02401fa28
Dan + Shay,,33cf3954-10af-4dcb-985f-9420d1fa4168
Sebastian Yatra,,151d9c35-43b8-49b9-a69a-5db6525dbcd2
Jay Rock,,9880800a-f6f8-4f8f-a00e-b4b664776c0c
Bizarrap,,3b6abaef-febf-4cfe-943f-6a20cf0afdad
Asking Alexandria,,9d2fde91-4633-430d-87f0-2b9bbb7fa451
Pet Shop Boys,,be540c02-7898-4b79-9acc-c8122c7d9e83
Royal Blood,,aa62b28e-b6d4-4086-91d4-e5fac1ed56f3
Jeremy Zucker,,e116e0be-c371-4d57-bc09-e2d762d82540
Robyn,,5a8e07d5-d932-4484-a7f7-e700793a9c94
Tom Misch,,fc3e8983-1f51-4c80-b2b5-146bf2162dc2
Feid,,eaee97f6-f2e4-414a-966c-f31a1fb4696a
Mos Def,,02708fd6-0fe6-4738-a27d-0561ace8b4c6
Catfish and the Bottlemen,,7ed36954-f027-43df-b353-c7239f4faa27
Solange,,410e7fd3-b865-4fa0-bb18-1b7fd53382ca
Isaiah Rashad,,37547347-ea75-45fa-9766-ff36b44d8147
Tegan and Sara,,d13f0f47-36f9-4661-87fe-2de56f45c649
Chicago,,3f5be744-e867-42fb-8913-5fd69e4099b5
Jay Sean,,e03cf5b6-d2ec-4465-adee-226b518bcfcd
Maségo,,bca63b5d-a28c-4937-a8f4-e3f2d95426e1
Ingrid Michaelson,,1fc494a1-9109-4081-a455-2d05bea9d2bf
Staind,,777a21a8-0d0f-4cf3-86b4-65bc0eba5649
Yusuf / Cat Stevens,,e2345fdf-2be7-47c5-a6dd-be64353ad134
Chase & Status,,82e454e2-38ee-4e69-89a6-cc65167753d1
Eddie Vedder,,1a60d6dd-9d3e-40fc-a66d-3184f9ee0d61
SYML,,913b4704-05bf-4e53-b30a-f3bd244ea2ea
Slayer,,bdacc37b-8633-4bf8-9dd5-4662ee651aec
lil skies,,8328b279-1863-487b-976a-58a62b85220a
Alan Jackson,,7291957b-c463-4275-a41c-a104c9e2337f
Ashanti,,a47ed6d5-480e-428c-8ce9-d7a6a571e857
Hollywood Undead,,321fdfbb-426b-43f7-8295-fa9aca6348d9
Röyksopp,,1c70a3fc-fa3c-4be1-8b55-c3192db8a884
Patrick Watson,,592da4c4-9618-4a1a-a944-e60c05c39037
Simple Minds,,f41490ce-fe39-435d-86c0-ab5ce098b423
Alok,,311dc522-c8c6-4114-9b6c-3ed0ed41316f
TWICE,,8da127cc-c432-418f-b356-ef36210d82ac
Daya,,9e8a4e92-1598-47d9-80f7-646802abce76
Big Thief,,9f81247f-7f57-42f3-a8ba-75bef554e591
Saweetie,,72d424d0-c349-4164-ae3e-8e5274f97b98
Allison Kane,,bc3ead02-18f6-4b63-8214-638ffbb42a11
James Morrison,,88a8d8a9-7c9b-4f7b-8700-7f0f7a503688
KALEO,,260072fb-48e5-4653-9d17-b22e39e84d9c
Alina Baraz,,7fedfdaf-4146-4996-9e2a-a7e39080c329
Stevie Nicks,,b7f2cca2-72c6-41fb-ae33-53370fc62fe7
Far East Movement,,6bd5655c-b7fe-48ee-8925-c2d2d8798618
Lee Brice,,48a6d065-1fda-4280-ae39-df1394d419cd
Oh Wonder,,aa2c5e55-57f5-42a7-a0e4-4a02cd9399b1
Tenacious D,,148ddea2-6839-4354-8e2c-5dfadf136b7f
Benny Benassi,,674bf89f-8e70-4472-929d-6b4ed6f98c88
Estelle,,4c7a5854-6b75-4623-a684-6a3d785d9015
Magic!,,53fa616a-e2b4-4982-bef8-6362b44054f0
Hardwell,,170d6637-36e0-49dd-a225-c4fd5b77a285
Ruth B,,fa44d136-fa40-4187-b522-8e262b41ac7a
TV On The Radio,,eb872766-98f6-453d-883f-2ae908a18315
Cheat Codes,,8b579b9a-84ef-4975-884f-19e988cfc181
Supertramp,,d2ff6b6b-fc30-48dc-8952-06f9d8fc64f8
Vansire,,0a7920d5-135b-4bca-885c-ebd79f0d5d9f
Godsmack,,ac2d1c91-3667-46aa-9fe7-170ca7fce9e2
E-40,,a449973b-074b-4cf0-a4d6-f11fa2d1073f
Years & Years,,9f23b7c3-baa6-4e38-b1a9-5c38359ad982
First Aid Kit,,373faa02-74d7-4b1d-9b47-7574ad510f8d
Mustard,,0612bcce-e351-40be-b3d7-2bb5e1c23479
DNCE,,b02dc689-7859-461d-b70e-9fe1f64fddce
Darius Rucker,,3ae70f76-ea53-4cc5-906e-d47a384202a1
Smash Mouth,,944e1036-8a03-4611-8aa0-31515a05c848
Desiigner,,05b75ee5-98cd-430e-b1ec-ec0f61fdabda
Ratatat,,f467181e-d5e0-4285-b47e-e853dcc89ee7
Tom Waits,,c3aeb863-7b26-4388-94e8-5a240f2be21b
Idina Menzel,,929ca8c3-5df3-4fe9-bc59-f8d603780bce
Enya,,4967c0a1-b9f3-465e-8440-4598fd9fc33c
Mayday Parade,,39076047-fce8-44cc-a388-4f6baba4acb4
Keri Hilson,,b76c616a-ec0d-4f0c-b986-f249c4a04d77
The Isley Brothers,,4a76400d-283f-492e-9754-18ef41755f81
Flying Lotus,,fc7376fe-1a6f-4414-b4a7-83f50ed59c92
Sigala,,14266c71-6680-43b4-8913-e15bf05bd788
Neil Diamond,,a42d3fd5-55de-4206-86c3-4fbb5404018f
Yellowcard,,3630fff3-52fc-4e97-ab01-d68fd88e4135
Keyshia Cole,,ef73e6ed-9096-4ddb-9799-b94874d0ce33
ZHU,,eca0569c-877e-4d72-a280-90581c2adfd5
Lil Dicky,,3268f062-6e76-480a-a384-e1dd2a276afb
Azealia Banks,,0c3505e7-d884-43cf-9028-d318607190a4
Artemas,,0211be88-dc0f-4002-a1de-4001bb359d51
St. Vincent,,5334edc0-5faf-4ca5-b1df-000de3e1f752
EXO,,b3785a55-2cf6-497d-b8e3-cfa21a36f997
Diana Ross,,60d41417-feda-4734-bbbf-7dcc30e08a83
Blue Öyster Cult,,c7423e0c-ab3e-4ab4-be10-cdff5a9d3062
Mura Masa,,d2a76e1b-cecc-4500-b445-d55591821cd3
The Fratellis,,f4ad883e-9a92-45ed-a540-a49c2d1c36dd
The Internet,,45804465-4271-4e6a-b881-ce668ef09530
Billy Currington,,dbf94c49-0dd9-4f72-85d5-f548beb453f6
Soulja Boy,,29eead4d-3793-4625-8727-c03edbb38b8b
DMX,,f3bf61f8-97d4-4e52-a73d-2ddbbe8196c8
Judas Priest,,6b335658-22c8-485d-93de-0bc29a1d0349
Arcangel,,47e7833f-f1a7-4703-942d-9acf12f39a1d
Stray Kids,,142b343d-bf5a-428c-a64f-6d1a7566bbe9
Martin Solveig,,06db73fd-57e2-4a6f-bcd3-699fb7bb7af4
Sage the Gemini,,c211af3d-65e0-46a7-ac49-6c84837a0d16
Ginuwine,,9e5fd95d-c0c1-412c-be11-06e7fbe99556
PSY,,f99b7d67-4e63-4678-aa66-4c6ac0f7d24a
Thievery Corporation,,a505bb48-ad65-4af4-ae47-29149715bff9
Ghost,,2bcf2e02-5bc3-4c76-bf76-41126cb11444
Bush,,93ccd76c-3790-4435-a8bf-02bc26294b93
Young Money,,3ba45541-87be-4631-896b-d148b7f70f00
Swae Lee,,a17ce9c3-8f6f-4dcc-a1b7-2a04ab9e31f0
Peter Bjorn and John,,32a83250-7e26-422d-b9ac-f4564343e9ce
JID,,d616b606-cf6a-4b6e-ab0f-e253b8db6610
The Animals,,4d8afa16-4018-4ca8-8b5e-ede8f9314562
Boys Like Girls,,d6e65033-b56a-49df-8744-6fc3ffd75edd
Brandy,,01e60eba-52df-4694-8f09-39f43abe54e9
The Lonely Island,,028e1863-cab4-4a3d-9dd9-91c682c91005
Boney M,,5403bf6e-bc1d-4e62-b31f-926a2bf66a14
Taking Back Sunday,,350bce49-c21b-4137-b50a-0766ded07e4d
Jessie Ware,,6ed40778-8d03-4a5c-ad35-93cf814627c9
Bill Withers,,fd1a2d9d-9bb6-44de-83a3-41560658aba9
Sarah McLachlan,,ce58d854-7430-4231-aa44-97f0144b3372
Andrew Bird,,081b133e-ce74-42ba-92c1-c18234acb532
Reik,,04cff564-a2e3-4560-8e7e-bc2539e7b46c
Craig David,,89e39f67-65cc-4f90-b145-b1b56c209f8a
311,,bf600e2b-dc2d-4839-a1be-6ebef4087cd0
Tyler Childers,,9947e874-ddd0-4e1a-b0d4-a76f6532fe45
Key Glock,,c5460e21-d5e7-4e26-ab4c-ba9c627809f8
Kenny Loggins,,15042d2b-2d4c-4451-a96a-6f547642de13
Jordin Sparks,,5508631d-697f-4839-a669-06637e5bcb90
Myke Towers,,d2945137-b01d-4195-9f82-64d20f8ba657
Jake Bugg,,0d9905e6-add6-4713-94ca-9f686f9b5e9b
LL Cool J,,a4dd0e77-83b8-4e92-89b7-effb0e47fd8c
The Zombies,,230ca093-1d00-4c57-9235-147942f66930
mgk,,f6af669a-56ea-448a-a044-de76181ada33
The Decemberists,,97b1142f-c71e-4971-8736-4a8ceaf6b4c3
Ben Harper,,1582a5b8-538e-45e7-9ae4-4099439a0e79
Lloyd,,980ee2d8-2ee9-407b-b48e-48360fbc7437
Dove cameron,,831dcf03-b745-436b-922f-6a2baaf45e57
N.E.R.D.,,3fb49f5a-fdc0-4789-9c84-22b38b3f3cb5
Kansas,,69689acf-d9cd-4d20-a972-47db4ed51b1a
Chet Faker,,a21b2652-62ed-4767-a3d2-0aa802abf080
City and Colour,,b1003bf1-25b8-41f4-a783-36060f987913
The War on Drugs,,87b9b3b8-ab93-426c-a200-4012d667a626
Ryan Adams,,c80f38a6-9980-485d-997c-5c1a9cbd0d64
AlunaGeorge,,e9da3ed5-eb9a-4f70-a0ed-4e59e380601f
Bone Thugs-n-Harmony,,2fa45bbb-0efb-4950-9d40-94bf23cbfec1
Ashe,,36086094-c2a4-49b9-8572-0fbf12fc3409
SBTRKT,,7f2aa196-cfd4-4a3d-ace3-28b7b6a79af7
Matt Maltese,,b27d089c-6b08-4067-9293-406cebde0374
Tech N9ne,,dde3d9b1-0e44-48bc-b0c9-d739b3570000
Hoobastank,,2fa0d3ac-b64c-401a-b0a1-4915ba6cc157
Bob Sinclar,,f9ab44f1-7b19-4ecb-830c-403abcf36cd1
Calum Scott,,68fdc9cc-1094-48bb-942f-66492343e41c
Chris Young,,86de027e-097d-41b1-9b97-c0a69379ff4b
Skylar Grey,,bd01c9d7-89dd-4cb4-9baa-a43bfa292bed
Pretenders,,e9c832b0-384b-4ee6-aec0-111372784aac
The Cinematic Orchestra,,7c158ea8-c0aa-410e-bdc1-20bba9759577
Stone Sour,,4ca783b7-5bf7-4348-b494-46680660050f
Black Sabbath,,5182c1d9-c7d2-4dad-afa0-ccfeada921a8
Bo Burnham,,889db25c-d1df-457a-b0d1-c405f34a01f3
Take That,,24d2505b-388c-46cc-8a64-48223ea6d78d
Corinne Bailey Rae,,bc85c6f6-6b06-44c1-8754-ef32c1e6b824
Kane Brown,,a62e299b-4707-4ff5-ad53-d80b2b03319d
Rush,,534ee493-bfac-4575-a44a-0ae41e2c3fe4
Fat Joe,,a6a4c910-2b22-4a6f-aebe-805b176c47b8
The Raconteurs,,be407b02-f3e6-4ed5-9489-f8e5f0ab36dc
Garbage,,f9ef7a22-4262-4596-a2a8-1d19345b8e50
Survivor,,55ef024a-6cc0-49ed-8ce2-2e12193c0f46
Rich Homie Quan,,d9547d08-4c2e-47fc-9451-b8e3f889716e
Jon Bellion,,2bd8101a-11c3-42d5-a9bd-6a3b26445f7e
Little Big Town,,76e78b58-f301-4975-8058-7f84d8360738
Yandel,,3d291f48-a8be-4113-baad-c73618a7897d
Jake Owen,,508f4f83-26dc-4d21-98d9-1a8c04d5ad4a
Beach Bunny,,bdb2e504-7372-4f5b-a6c7-d578021c53b5
Animal Collective,,0c751690-c784-4a4f-b1e4-c1de27d47581
Pendulum,,beff21d3-88c7-4ee0-8b7a-40b6db22c6d7
Phillip Phillips,,838483d3-a803-4194-9754-ad634fba8553
Aaron May,,9f3225ad-e686-4538-8cbe-99406c4a4caa
Benny Blanco,,5a6131f9-f8db-4722-b4d7-6a0c7183c590
STRFKR,,0a19e3e4-7970-4adf-8439-90bdcc9c8661
MAX,,0b6aea55-d855-4a33-ae08-b0280dd28684
Liam Payne,,93ae8651-24ee-406c-b927-eb7cd773ae38
Lin-Manuel Miranda,,925c7673-0e85-410f-b7e4-d9705a7aa619
Alchemist,,03f3deb7-0419-4bf9-a1e7-511946385717
James Vincent McMorrow,,3b7b1fd3-6952-4aa8-9467-40b105d1039b
Eve,,1ac10f5e-2079-4435-b78f-dda6ecdeba15
ILLENIUM,,5f43abf6-92a5-468a-a633-b73f94627972
Mobb Deep,,d75d1f08-bbb8-4eae-9877-399ca9121197
The Used,,8262d8e4-9137-4bb3-a787-3caabbbc13e9
Cuco,,ff1cafa3-7ed4-4ed2-afbb-d1f263d607a8
Spice Girls,,bf0caafc-2b20-4e07-ab85-87e14ff430ce
gnash,,02f44a81-34f0-4f52-9ab7-c3cfcdb60333
Madvillain,,4e024037-14b7-4aea-99ad-c6ace63b9620
Sampha,,130c2184-14f2-4180-a216-04b5a333be57
Luis Miguel,,90270118-8ed0-4446-bf97-8a09b3f9e8f3
Wolfmother,,f0c8f75f-8736-4b1d-b312-9349fcff321d
LANY,,f1cc066a-6dd1-4b18-ae68-3708472ab4b1
De La Soul,,a8ebde98-7e91-46c7-992c-90039ba42017
Mt. Joy,,5bbf0f10-4355-42cb-9d08-6b777a8a300d
Aretha Franklin,,2f9ecbed-27be-40e6-abca-6de49d50299e
Hillsong United,,a29ae051-283b-4703-be3d-2accfa3a75a2
Wyclef Jean,,4f29ecd7-21a5-4c03-b9ba-d0cfe9488f8c
A Perfect Circle,,078a9376-3c04-4280-b7d7-b20e158f345d
NewJeans,,49204a7a-ed85-407a-828f-6fd46f1d8126
Flo Milli,,21dab5d7-3bda-4f72-a054-6379729dcb62
Moneybagg Yo,,8971fa37-c402-474a-b897-e2bbc145b59d
Brooks & Dunn,,f30118c5-f783-4969-8427-f3c096378267
FKJ,,8ef74994-73f6-459c-a10c-56a16e07b362
Fisher,,f2c8dc37-1aa2-4d11-b7a5-c97824e13304
My Morning Jacket,,ea5883b7-68ce-48b3-b115-61746ea53b8c
Hunter Hayes,,0c75ddc6-2b5d-4b01-8c99-3d9479a14683
Jacquees,,1def2cdc-a6ec-4972-8614-204e13301650
Groove Armada,,35723b60-732e-4bd8-957f-320b416e7b7f
Manuel Turizo,,30a57b7b-47c9-4234-86fd-9b8ff660e7cb
Snakehips,,7bb5fb65-f82c-44e2-80e2-e0e49cd6ffd5
Felix Jaehn,,930448f9-a67a-402f-bc73-2bf6b279afaa
Cobra Starship,,ffb390b8-8df4-4b72-97d1-7b2fc008a452
We The Kings,,6ec79457-b06b-4e3b-83f9-9b26fc7a99bc
FKA twigs,,1e4e9db7-5068-4a9c-bdd0-5777e47172c8
American Authors,,9ce0515d-cc88-4df6-8a2e-d231c13cb2c2
Sonder,,8f4499d8-9032-4fce-843d-a3b5cd9d0f41
Crowded House,,9854d99f-d954-4c0f-9ae5-58a0cdd885f5
Declan McKenna,,8b98035f-fbd2-4fb3-9c2f-263c7506680d
Rag'n'Bone Man,,37993cdf-f61a-488f-8cca-07e03b8aaa02
Seal,,f053ae01-dae6-4aae-9883-e8c279fdbef4
Tones and I,,663f33f4-8e5f-4773-93ea-493a1135de9a
The Hives,,487bfd74-71bf-46dd-b89c-80b7a0f06f2f
Dropkick Murphys,,e8374874-4178-4869-b92e-fef6bf30dc04
EELS,,14387b0f-765c-4852-852f-135335790466
